,true_depths,predicted_depths
0,20.628612518310547,18.115062713623047
1,13.716693878173828,12.723447799682617
2,27.262834548950195,21.986234664916992
3,18.61759376525879,17.27460479736328
4,25.226688385009766,26.868539810180664
5,33.732383728027344,33.50220489501953
6,9.924575805664062,8.046977043151855
7,10.14044189453125,7.414455413818359
8,15.003480911254883,13.482128143310547
9,19.43292808532715,16.98075294494629
10,20.118253707885742,19.8761043548584
11,16.365015029907227,17.9232120513916
12,29.32235336303711,25.059946060180664
13,43.44816970825195,40.94990539550781
14,13.187504768371582,16.390554428100586
15,26.305788040161133,27.798015594482422
16,2.6487672328948975,4.939972877502441
17,7.9150590896606445,7.996959686279297
18,28.83504867553711,22.273744583129883
19,10.677884101867676,9.383917808532715
20,17.5820369720459,11.53963565826416
21,4.917670249938965,4.162055969238281
22,18.300352096557617,20.52052116394043
23,19.734987258911133,18.8924617767334
24,27.84286880493164,34.00032424926758
25,10.778482437133789,9.807634353637695
26,23.557708740234375,21.46593475341797
27,49.904937744140625,35.94620895385742
28,16.42580795288086,12.970867156982422
29,8.845787048339844,7.195763111114502
30,7.918635368347168,8.44120979309082
31,32.81240463256836,29.212810516357422
32,29.3692569732666,28.865848541259766
33,18.349281311035156,20.690322875976562
34,21.126272201538086,19.7211856842041
35,18.779478073120117,19.017663955688477
36,25.08402442932129,25.2082576751709
37,13.26579475402832,12.732670783996582
38,35.46576690673828,28.83406639099121
39,25.25778579711914,21.85711669921875
40,6.759967803955078,8.420929908752441
41,30.677387237548828,24.97836685180664
42,15.056174278259277,13.999323844909668
43,17.15275764465332,15.456180572509766
44,12.704800605773926,11.900954246520996
45,6.693905353546143,26.165016174316406
46,14.065861701965332,16.1718807220459
47,7.9525980949401855,7.605531215667725
48,19.59585189819336,20.95582389831543
49,27.861968994140625,29.051084518432617
50,13.458894729614258,12.138307571411133
51,36.81684494018555,21.04242515563965
52,17.482864379882812,17.85784149169922
53,29.199752807617188,29.034793853759766
54,24.380422592163086,26.21187400817871
55,7.921657085418701,7.206997871398926
56,7.746971607208252,6.385424613952637
57,7.042307376861572,11.422813415527344
58,32.326019287109375,27.37177848815918
59,36.711822509765625,30.78264045715332
60,4.2243242263793945,12.273489952087402
61,6.097772121429443,7.619523525238037
62,7.084135055541992,6.706391334533691
63,11.37800121307373,10.41730785369873
64,17.438695907592773,16.698354721069336
65,16.742969512939453,14.606643676757812
66,31.321325302124023,25.949617385864258
67,6.702048301696777,7.625892639160156
68,9.989709854125977,9.404417991638184
69,17.31055450439453,16.680147171020508
70,17.277963638305664,14.935651779174805
71,8.588027000427246,11.256924629211426
72,40.06629180908203,42.424678802490234
73,18.52259635925293,16.926671981811523
74,8.883037567138672,9.235335350036621
75,4.464389801025391,5.423327922821045
76,8.26987075805664,7.770280838012695
77,5.213136196136475,7.78403377532959
78,13.879409790039062,14.853729248046875
79,8.661456108093262,7.879791736602783
80,19.363571166992188,18.765806198120117
81,8.18836784362793,7.314628601074219
82,44.63512420654297,41.52409362792969
83,12.01549243927002,10.839288711547852
84,11.557686805725098,12.593195915222168
85,16.514741897583008,16.018787384033203
86,22.250564575195312,18.836952209472656
87,15.04230785369873,14.807489395141602
88,8.989518165588379,7.974173069000244
89,25.268951416015625,24.26478385925293
90,33.912391662597656,34.15885543823242
91,9.33710765838623,7.837718486785889
92,22.907665252685547,26.0483455657959
93,18.66267204284668,16.787824630737305
94,31.852127075195312,26.2623233795166
95,11.564764976501465,11.286768913269043
96,15.028764724731445,19.048294067382812
97,5.755531311035156,6.023153781890869
98,21.919307708740234,24.165327072143555
99,9.977585792541504,9.163651466369629
100,40.68455123901367,40.2930908203125
101,6.183401584625244,6.239132881164551
102,5.9624857902526855,3.4133033752441406
103,17.023075103759766,18.016942977905273
104,22.376718521118164,20.908153533935547
105,11.371673583984375,10.259622573852539
106,15.340322494506836,10.242260932922363
107,14.160930633544922,9.639963150024414
108,19.397659301757812,18.25035285949707
109,17.807825088500977,15.819198608398438
110,20.877696990966797,18.745601654052734
111,5.47052526473999,7.3876872062683105
112,14.95577621459961,11.288111686706543
113,10.273088455200195,9.183852195739746
114,15.53695297241211,14.55573558807373
115,16.047624588012695,16.126840591430664
116,20.300048828125,11.683378219604492
117,17.72783088684082,16.473981857299805
118,15.488848686218262,15.998639106750488
119,9.368889808654785,7.46466064453125
120,8.789324760437012,8.397184371948242
121,10.004631042480469,7.39463472366333
122,17.798782348632812,15.771368980407715
123,37.55198287963867,39.61095428466797
124,14.331629753112793,12.357466697692871
125,6.266052722930908,3.730217695236206
126,34.465641021728516,27.703922271728516
127,49.461421966552734,48.07565689086914
128,9.132940292358398,7.5977373123168945
129,10.922323226928711,9.768841743469238
130,12.341711044311523,11.441295623779297
131,13.838790893554688,13.175802230834961
132,11.101448059082031,14.492423057556152
133,14.93465805053711,14.463774681091309
134,35.43573760986328,34.284568786621094
135,21.341697692871094,25.936691284179688
136,7.7835893630981445,6.333366870880127
137,6.35087776184082,6.778505802154541
138,5.598197937011719,6.2252302169799805
139,7.875486373901367,8.467771530151367
140,19.66041374206543,19.579858779907227
141,32.81775665283203,32.52277755737305
142,19.282133102416992,19.042970657348633
143,19.123022079467773,18.993791580200195
144,5.639219284057617,6.902314186096191
145,6.7401533126831055,4.364582061767578
146,25.54693031311035,18.972349166870117
147,39.73663330078125,35.165523529052734
148,10.430220603942871,9.368396759033203
149,16.40715980529785,12.046539306640625
150,24.812841415405273,22.36262321472168
151,26.565393447875977,27.928150177001953
152,7.532230854034424,7.135593414306641
153,14.225011825561523,8.443962097167969
154,7.004733562469482,7.0833845138549805
155,13.186832427978516,12.787440299987793
156,37.431461334228516,37.034332275390625
157,7.158059597015381,6.499240398406982
158,24.517717361450195,22.24562644958496
159,10.213690757751465,10.539861679077148
160,7.581091403961182,5.695546627044678
161,12.550755500793457,11.470096588134766
162,8.325782775878906,7.623205661773682
163,8.51038932800293,6.437595367431641
164,30.423629760742188,26.944072723388672
165,32.152103424072266,29.249393463134766
166,26.26751136779785,24.90860366821289
167,8.248374938964844,6.2248382568359375
168,7.97442626953125,6.635958671569824
169,8.082324981689453,6.113457679748535
170,9.9315824508667,10.19913101196289
171,29.121164321899414,7.210140228271484
172,18.62779426574707,12.727787971496582
173,8.416757583618164,6.548448085784912
174,11.901864051818848,4.242128372192383
175,22.692455291748047,22.268579483032227
176,37.581668853759766,31.59465789794922
177,9.17772102355957,9.383100509643555
178,12.273468017578125,12.041269302368164
179,8.571115493774414,9.247087478637695
180,16.645484924316406,14.497222900390625
181,21.27048683166504,17.66718292236328
182,11.940403938293457,10.405654907226562
183,24.96103858947754,19.924030303955078
184,28.69196128845215,28.05673599243164
185,6.270066261291504,5.872493267059326
186,5.294960021972656,5.940149307250977
187,11.46507453918457,10.344924926757812
188,40.243560791015625,28.806062698364258
189,6.593052864074707,4.554408550262451
190,10.15804386138916,10.383665084838867
191,6.023252010345459,5.307208061218262
192,12.88361930847168,10.98896312713623
193,10.674968719482422,11.104639053344727
194,11.78982162475586,10.260367393493652
195,17.110017776489258,16.669763565063477
196,23.36216926574707,19.013456344604492
197,16.675352096557617,14.93188762664795
198,12.403732299804688,12.34298324584961
199,8.20432186126709,9.603212356567383
200,4.301966190338135,7.251023769378662
201,9.285394668579102,8.843487739562988
202,9.000069618225098,9.775068283081055
203,9.582523345947266,5.996091842651367
204,13.786693572998047,14.450909614562988
205,21.70859146118164,22.014972686767578
206,6.0349440574646,5.227474689483643
207,11.777823448181152,10.62133502960205
208,20.0438289642334,11.56974983215332
209,9.872586250305176,8.83170223236084
210,10.275568008422852,14.323686599731445
211,9.929118156433105,7.996038913726807
212,6.937036991119385,4.681352138519287
213,59.17801284790039,38.222232818603516
214,56.81343460083008,41.412109375
215,16.906639099121094,12.616684913635254
216,9.941963195800781,12.277485847473145
217,13.540831565856934,11.213977813720703
218,8.497845649719238,10.816927909851074
219,25.13895034790039,22.403244018554688
220,12.226359367370605,9.408645629882812
221,16.697233200073242,13.988553047180176
222,24.601741790771484,20.551307678222656
223,17.83584976196289,16.47551155090332
224,21.317413330078125,19.014049530029297
225,15.391514778137207,13.92377758026123
226,19.244478225708008,15.145719528198242
227,13.745996475219727,14.757234573364258
228,8.01506519317627,7.849753379821777
229,19.495521545410156,17.752227783203125
230,21.262414932250977,19.677427291870117
231,20.739530563354492,19.80927276611328
232,11.302350044250488,9.605481147766113
233,36.13405990600586,34.53505325317383
234,24.115983963012695,19.594070434570312
235,21.816328048706055,17.222095489501953
236,10.628621101379395,13.468162536621094
237,20.273048400878906,17.739635467529297
238,25.095088958740234,24.6638240814209
239,14.033642768859863,13.20759391784668
240,11.084860801696777,11.26219654083252
241,38.691280364990234,36.236751556396484
242,17.844070434570312,11.459480285644531
243,24.641042709350586,19.79515266418457
244,32.127628326416016,29.60228729248047
245,20.345422744750977,19.258708953857422
246,23.347261428833008,20.993396759033203
247,12.905763626098633,13.818951606750488
248,14.068058013916016,13.986397743225098
249,14.808637619018555,11.43241024017334
250,13.608840942382812,12.801907539367676
251,10.795104026794434,8.391273498535156
252,33.67942428588867,38.897674560546875
253,37.94956588745117,32.18373489379883
254,8.638662338256836,18.44767189025879
255,20.789955139160156,21.726823806762695
256,9.94733715057373,9.067692756652832
257,13.046123504638672,10.456585884094238
258,12.68265151977539,11.309767723083496
259,8.259782791137695,6.415476322174072
260,13.10024642944336,10.527326583862305
261,4.317129135131836,4.232351779937744
262,26.249488830566406,28.297950744628906
263,19.60626220703125,13.490469932556152
264,6.8144426345825195,7.763020038604736
265,23.080663681030273,28.73516273498535
266,46.110904693603516,38.08445739746094
267,13.983297348022461,14.162938117980957
268,36.152549743652344,32.5976676940918
269,15.389850616455078,15.071375846862793
270,12.40472412109375,11.127324104309082
271,18.959476470947266,16.793357849121094
272,8.226393699645996,10.03297233581543
273,20.904861450195312,21.12619400024414
274,26.95087432861328,23.67584800720215
275,17.813827514648438,14.388313293457031
276,35.50577926635742,32.69685363769531
277,6.2578911781311035,4.030251502990723
278,13.680763244628906,14.444317817687988
279,18.222335815429688,18.631935119628906
280,16.9993953704834,18.312095642089844
281,16.62517547607422,15.450485229492188
282,11.225506782531738,5.286530017852783
283,6.688561916351318,9.539084434509277
284,39.303218841552734,37.30254364013672
285,3.0649914741516113,23.890159606933594
286,12.845046997070312,12.80068588256836
287,7.5116424560546875,6.177398204803467
288,9.2653169631958,7.9029951095581055
289,5.477773666381836,5.187966346740723
290,14.169262886047363,10.780969619750977
291,13.637884140014648,13.080057144165039
292,5.321986675262451,3.6026055812835693
293,7.000449180603027,5.740699291229248
294,22.61101722717285,20.560346603393555
295,7.247177600860596,7.436924457550049
296,23.860336303710938,24.92003631591797
297,5.236541748046875,5.080293655395508
298,10.930513381958008,10.845279693603516
299,26.310684204101562,30.23854637145996
300,38.18027877807617,39.212799072265625
301,9.994351387023926,7.592407703399658
302,24.791484832763672,22.668373107910156
303,5.017743110656738,3.658885955810547
304,26.22700309753418,28.43866539001465
305,21.005281448364258,18.913179397583008
306,37.24876403808594,37.99208068847656
307,25.086177825927734,25.122106552124023
308,17.31281280517578,20.572690963745117
309,26.1589298248291,17.638612747192383
310,14.293845176696777,13.496747016906738
311,31.836994171142578,27.199735641479492
312,15.219807624816895,14.531824111938477
313,26.472047805786133,20.055816650390625
314,7.623770236968994,7.274425029754639
315,14.415460586547852,13.274371147155762
316,11.961189270019531,10.32553768157959
317,10.491912841796875,11.66516399383545
318,39.75189971923828,38.27656936645508
319,17.908212661743164,16.680442810058594
320,20.946861267089844,23.62624740600586
321,24.862262725830078,21.663053512573242
322,11.165206909179688,8.80495548248291
323,9.485669136047363,8.30299186706543
324,34.455589294433594,20.83100700378418
325,11.885167121887207,11.47882080078125
326,22.207887649536133,18.32674217224121
327,8.512675285339355,7.25480842590332
328,34.425289154052734,26.145166397094727
329,32.05569839477539,30.2462100982666
330,35.510467529296875,29.75768280029297
331,7.677336692810059,8.904695510864258
332,20.144725799560547,20.953018188476562
333,10.613263130187988,8.555249214172363
334,29.06407928466797,25.968303680419922
335,-0.9131015539169312,5.7690606117248535
336,32.5032958984375,36.64775848388672
337,17.95137596130371,16.772233963012695
338,23.821395874023438,23.596637725830078
339,35.984947204589844,33.47857666015625
340,14.412168502807617,14.250469207763672
341,8.567584991455078,9.281973838806152
342,45.30082702636719,47.116943359375
343,7.646417617797852,7.869870185852051
344,21.77904510498047,20.036056518554688
345,9.334965705871582,9.170372009277344
346,17.22538185119629,14.726608276367188
347,49.51336669921875,48.789615631103516
348,9.383156776428223,7.732942581176758
349,12.999500274658203,13.244695663452148
350,11.747257232666016,13.209572792053223
351,27.341638565063477,27.316469192504883
352,10.719179153442383,10.268439292907715
353,19.54189109802246,13.59506607055664
354,15.628644943237305,12.57119369506836
355,13.15392780303955,10.060317993164062
356,17.55579376220703,17.100107192993164
357,11.61965560913086,9.820903778076172
358,13.427473068237305,13.222223281860352
359,42.11449432373047,34.969512939453125
360,8.812901496887207,9.650583267211914
361,11.145413398742676,11.75152587890625
362,5.461309432983398,8.031192779541016
363,31.818708419799805,30.20408058166504
364,26.401302337646484,22.42264747619629
365,13.441679954528809,12.83803939819336
366,15.034416198730469,14.149943351745605
367,26.953109741210938,28.573423385620117
368,6.404757022857666,5.636404037475586
369,9.949438095092773,10.016029357910156
370,6.37551736831665,7.012145519256592
371,30.231191635131836,30.667678833007812
372,15.120078086853027,14.643167495727539
373,5.878903865814209,4.812904357910156
374,15.230155944824219,16.726110458374023
375,6.1175971031188965,6.131051063537598
376,18.77004051208496,17.85833740234375
377,22.972152709960938,25.435649871826172
378,27.321834564208984,27.59089469909668
379,13.508444786071777,13.626994132995605
380,16.309906005859375,14.712660789489746
381,34.02925109863281,32.2213249206543
382,9.835418701171875,9.333492279052734
383,58.644004821777344,48.795169830322266
384,32.153690338134766,29.65387535095215
385,23.398290634155273,25.38279151916504
386,19.88841438293457,17.212543487548828
387,3.9903037548065186,5.378874778747559
388,22.616107940673828,21.859071731567383
389,17.298503875732422,17.324405670166016
390,9.309931755065918,9.069421768188477
391,36.19746017456055,30.92682456970215
392,18.2347354888916,17.337270736694336
393,12.822699546813965,12.846395492553711
394,7.527376174926758,6.8141584396362305
395,30.985240936279297,32.42805099487305
396,26.08719825744629,25.015493392944336
397,11.49658203125,8.680257797241211
398,9.153753280639648,7.695651054382324
399,39.760528564453125,36.415687561035156
400,15.920440673828125,15.246990203857422
401,15.928818702697754,15.516301155090332
402,10.07381820678711,8.3547945022583
403,30.856229782104492,28.914159774780273
404,11.539729118347168,9.232460975646973
405,8.197218894958496,7.505457401275635
406,71.3794174194336,50.83335494995117
407,19.882972717285156,18.534164428710938
408,10.900261878967285,9.797544479370117
409,24.466150283813477,20.92995262145996
410,7.5441999435424805,8.3562650680542
411,44.99287414550781,38.622379302978516
412,4.1177239418029785,3.9852335453033447
413,17.50790023803711,12.515120506286621
414,3.702630043029785,5.489882946014404
415,20.800846099853516,19.3577880859375
416,8.514263153076172,8.606822967529297
417,13.427268028259277,13.113530158996582
418,14.961267471313477,14.448262214660645
419,30.884525299072266,33.173221588134766
420,5.709023475646973,6.023543357849121
421,18.45746421813965,13.19322681427002
422,14.598163604736328,13.740398406982422
423,9.939587593078613,10.182368278503418
424,15.187396049499512,15.036714553833008
425,9.87808895111084,8.258798599243164
426,12.622401237487793,11.87991714477539
427,7.045893669128418,6.40830135345459
428,9.538538932800293,9.429374694824219
429,13.869080543518066,11.500289916992188
430,7.034240245819092,6.412480354309082
431,11.336029052734375,8.249940872192383
432,6.37249231338501,5.416163921356201
433,4.909158229827881,5.7648210525512695
434,25.592119216918945,25.034482955932617
435,22.600919723510742,14.616974830627441
436,6.343140602111816,6.988454818725586
437,31.133691787719727,30.12876319885254
438,21.714969635009766,18.570032119750977
439,38.326011657714844,33.324893951416016
440,18.452104568481445,14.774887084960938
441,17.910436630249023,16.90995216369629
442,13.486590385437012,10.748995780944824
443,28.36540985107422,26.33649444580078
444,12.406763076782227,12.121932029724121
445,9.124059677124023,8.978462219238281
446,15.609012603759766,13.010868072509766
447,33.18843078613281,30.367219924926758
448,9.241122245788574,8.808178901672363
449,43.75944900512695,37.46516799926758
450,4.663161754608154,6.065860748291016
451,9.609639167785645,8.225865364074707
452,23.557861328125,23.172197341918945
453,9.16894245147705,7.437933444976807
454,17.447843551635742,16.678462982177734
455,6.011633396148682,8.167037963867188
456,15.250750541687012,14.066075325012207
457,13.334054946899414,11.961420059204102
458,18.4202823638916,13.202157020568848
459,12.428879737854004,8.416537284851074
460,10.058429718017578,17.296085357666016
461,46.037017822265625,42.34054183959961
462,23.784658432006836,19.606502532958984
463,13.72920036315918,14.355449676513672
464,22.4398193359375,23.614988327026367
465,25.47905921936035,25.087400436401367
466,47.33659362792969,42.7698860168457
467,30.96976089477539,25.35471534729004
468,10.572299003601074,9.594154357910156
469,24.600601196289062,24.84794044494629
470,12.74134635925293,11.980137825012207
471,5.864780426025391,5.783390522003174
472,22.81804656982422,19.639314651489258
473,16.351680755615234,13.095113754272461
474,25.4939022064209,24.95808982849121
475,9.166457176208496,7.7003560066223145
476,8.078746795654297,5.062260150909424
477,10.285843849182129,10.531217575073242
478,10.538192749023438,15.162548065185547
479,12.662463188171387,10.758086204528809
480,22.528247833251953,18.483301162719727
481,6.220273017883301,6.039142608642578
482,10.046850204467773,7.666292667388916
483,13.094123840332031,11.117902755737305
484,20.832338333129883,20.33623695373535
485,5.401047229766846,3.4679880142211914
486,7.8297929763793945,8.604707717895508
487,14.898021697998047,14.122334480285645
488,8.378077507019043,5.56924295425415
489,13.857806205749512,11.636509895324707
490,16.7018985748291,18.96302032470703
491,6.026711940765381,6.597331523895264
492,8.928999900817871,8.56971549987793
493,14.023032188415527,11.736278533935547
494,5.522438049316406,5.307637691497803
495,30.30646514892578,32.44035720825195
496,31.177875518798828,30.454015731811523
497,27.472631454467773,24.384889602661133
498,7.963546276092529,7.8061137199401855
499,29.42582130432129,29.971223831176758
500,36.943355560302734,31.24959373474121
501,15.481461524963379,18.181489944458008
502,26.14139747619629,23.1284236907959
503,13.807552337646484,12.233567237854004
504,18.780475616455078,17.936201095581055
505,15.408509254455566,14.134934425354004
506,58.256195068359375,49.75709915161133
507,6.089180946350098,5.6693572998046875
508,16.580007553100586,15.547807693481445
509,18.227148056030273,17.14894676208496
510,30.05093002319336,27.001760482788086
511,17.273855209350586,14.383678436279297
512,6.286123752593994,7.354075908660889
513,24.724838256835938,23.69804573059082
514,22.980602264404297,22.44559097290039
515,6.543968677520752,6.970211029052734
516,10.232595443725586,8.784040451049805
517,32.78339767456055,30.104185104370117
518,5.367706298828125,4.5527567863464355
519,15.369624137878418,14.332646369934082
520,31.621187210083008,24.810455322265625
521,19.277101516723633,19.98423957824707
522,12.484772682189941,12.14397144317627
523,15.936954498291016,10.774477005004883
524,8.48202896118164,8.221930503845215
525,16.18611717224121,14.75118637084961
526,9.490789413452148,8.01777172088623
527,6.994103908538818,5.66714334487915
528,10.821051597595215,8.22719955444336
529,10.344876289367676,7.9027228355407715
530,9.950170516967773,11.275055885314941
531,17.62555694580078,16.035341262817383
532,9.26459789276123,7.160340309143066
533,7.493946552276611,6.692555904388428
534,17.58664894104004,16.752954483032227
535,4.935890197753906,4.9419636726379395
536,11.00646686553955,10.83865737915039
537,6.692668914794922,8.981014251708984
538,19.265947341918945,17.32146453857422
539,27.61765480041504,31.98969841003418
540,17.499958038330078,13.539154052734375
541,24.528703689575195,24.10460090637207
542,21.90324592590332,20.600011825561523
543,27.134742736816406,32.53688430786133
544,25.14090919494629,19.126008987426758
545,10.693284034729004,7.426502227783203
546,11.476332664489746,14.379096031188965
547,18.104387283325195,14.785811424255371
548,27.282909393310547,26.049671173095703
549,5.851898193359375,5.635261535644531
550,23.87664031982422,16.91868782043457
551,11.218672752380371,10.987358093261719
552,5.357909679412842,5.998363494873047
553,7.194310665130615,7.707749843597412
554,15.719523429870605,15.64098072052002
555,19.03526496887207,22.221540451049805
556,39.84096145629883,42.120262145996094
557,8.863770484924316,9.50950813293457
558,36.020694732666016,24.989469528198242
559,22.531885147094727,18.640756607055664
560,20.08837890625,15.535916328430176
561,14.663613319396973,14.358205795288086
562,11.232152938842773,12.27053165435791
563,7.647515773773193,9.915369987487793
564,6.9082770347595215,7.146334171295166
565,17.467449188232422,23.300477981567383
566,47.04002380371094,35.24661636352539
567,22.442169189453125,21.462444305419922
568,22.005722045898438,20.415115356445312
569,23.049131393432617,20.25599479675293
570,11.38434886932373,8.800426483154297
571,14.735387802124023,16.99479103088379
572,8.57374382019043,9.683250427246094
573,14.829546928405762,4.258531093597412
574,31.542530059814453,28.40637969970703
575,21.1124324798584,18.229347229003906
576,14.056988716125488,12.577425956726074
577,34.202701568603516,35.27033615112305
578,33.3965950012207,30.765625
579,5.062702655792236,5.132357597351074
580,6.311932563781738,7.157187461853027
581,24.704431533813477,24.89046287536621
582,19.70311164855957,21.552522659301758
583,19.382841110229492,18.397212982177734
584,9.28824234008789,7.684645652770996
585,11.02196979522705,10.093029022216797
586,42.489810943603516,36.327980041503906
587,14.177842140197754,11.639100074768066
588,6.452021598815918,7.381446361541748
589,34.23223876953125,30.165075302124023
590,31.52151870727539,29.328895568847656
591,15.716981887817383,11.767149925231934
592,17.14563751220703,15.00401496887207
593,17.26938247680664,15.327522277832031
594,19.974702835083008,17.91958236694336
595,16.927181243896484,13.693937301635742
596,15.686930656433105,13.429534912109375
597,15.320273399353027,13.027626991271973
598,21.268003463745117,23.164461135864258
599,15.552729606628418,16.962814331054688
600,16.679651260375977,16.645357131958008
601,12.383460998535156,10.446682929992676
602,16.79140853881836,15.654181480407715
603,17.51062774658203,15.457565307617188
604,16.381511688232422,17.13104248046875
605,8.195640563964844,7.205923557281494
606,7.770289421081543,8.756924629211426
607,29.68336296081543,32.48638916015625
608,18.06081771850586,17.103866577148438
609,9.72774600982666,10.669209480285645
610,14.455698013305664,7.432897567749023
611,7.0594305992126465,4.0969719886779785
612,6.4513325691223145,4.930817127227783
613,13.825124740600586,13.65382194519043
614,19.0275821685791,24.519256591796875
615,32.747474670410156,34.982357025146484
616,11.412201881408691,8.272054672241211
617,6.354455947875977,7.653204917907715
618,5.315023422241211,4.633625030517578
619,7.195600986480713,6.570350646972656
620,17.942626953125,17.04134750366211
621,7.196634769439697,6.400757789611816
622,5.100127220153809,5.86915922164917
623,25.008935928344727,22.346887588500977
624,25.726791381835938,24.917980194091797
625,13.345107078552246,12.6918363571167
626,17.234712600708008,15.420045852661133
627,47.78215789794922,41.97879409790039
628,8.71943473815918,8.358247756958008
629,6.160068988800049,6.189061641693115
630,11.213583946228027,8.567975044250488
631,48.6229248046875,49.25362014770508
632,4.524113178253174,4.756482124328613
633,12.352765083312988,12.12879753112793
634,34.10381317138672,22.3115234375
635,38.9561767578125,37.88343811035156
636,6.273092746734619,7.604100704193115
637,22.539915084838867,19.624435424804688
638,10.622511863708496,9.147167205810547
639,16.335330963134766,16.59943199157715
640,6.047673225402832,5.474728584289551
641,14.209592819213867,15.294689178466797
642,22.625667572021484,26.314424514770508
643,67.31907653808594,45.551937103271484
644,32.14238357543945,26.87034797668457
645,40.59221267700195,35.14948654174805
646,18.885597229003906,18.532258987426758
647,18.94123649597168,14.904746055603027
648,8.695296287536621,9.621495246887207
649,9.179073333740234,4.964363098144531
650,3.6315839290618896,7.310286521911621
651,7.295989036560059,4.763669967651367
652,35.46732711791992,37.632606506347656
653,29.475051879882812,21.76857566833496
654,21.104248046875,21.904029846191406
655,23.535839080810547,19.46932029724121
656,21.945131301879883,23.0744686126709
657,5.382526874542236,6.6588664054870605
658,21.194665908813477,18.553743362426758
659,61.92755126953125,41.714202880859375
660,22.090621948242188,18.953527450561523
661,13.659900665283203,12.852458000183105
662,12.238730430603027,9.53870677947998
663,5.259434700012207,6.514228343963623
664,23.94581413269043,22.894102096557617
665,25.4107608795166,25.398290634155273
666,21.509300231933594,19.142568588256836
667,17.45834732055664,17.227819442749023
668,19.31403350830078,16.20081901550293
669,13.072476387023926,11.690664291381836
670,34.34804916381836,35.89299774169922
671,14.803093910217285,9.91059398651123
672,42.601383209228516,40.697269439697266
673,14.518163681030273,15.228507995605469
674,10.385368347167969,13.13087272644043
675,8.821388244628906,7.254007339477539
676,34.203643798828125,37.1998405456543
677,32.34165954589844,23.834125518798828
678,9.052350997924805,6.8142876625061035
679,53.34495162963867,37.46002960205078
680,7.274659633636475,9.188860893249512
681,8.337770462036133,7.235974311828613
682,28.869319915771484,27.24846076965332
683,6.614721775054932,8.305268287658691
684,33.26213073730469,35.51411056518555
685,59.44904327392578,39.45994567871094
686,17.795461654663086,16.93145179748535
687,17.605680465698242,14.996009826660156
688,19.73151206970215,18.755029678344727
689,15.568827629089355,11.560367584228516
690,10.655858993530273,10.892606735229492
691,44.466312408447266,40.80096435546875
692,31.620723724365234,30.44630241394043
693,8.122628211975098,8.134322166442871
694,9.912420272827148,9.94555950164795
695,20.58204460144043,17.396902084350586
696,34.64044189453125,31.774385452270508
697,11.462016105651855,9.749992370605469
698,15.49563217163086,15.280594825744629
699,16.24622917175293,16.00704574584961
700,8.557596206665039,7.02450704574585
701,12.881065368652344,12.834488868713379
702,18.002300262451172,15.18043327331543
703,20.669723510742188,18.61606216430664
704,12.077193260192871,12.896199226379395
705,46.51564025878906,44.53696823120117
706,12.105475425720215,9.027286529541016
707,13.645711898803711,12.023748397827148
708,16.92856788635254,12.77796459197998
709,42.0697135925293,42.34303665161133
710,22.947904586791992,20.0723819732666
711,15.044944763183594,12.70820140838623
712,9.905258178710938,9.176034927368164
713,10.286991119384766,7.659498691558838
714,31.8734188079834,29.209476470947266
715,8.75359058380127,4.7127251625061035
716,25.102922439575195,20.298477172851562
717,3.098559617996216,3.809170722961426
718,25.819414138793945,27.726491928100586
719,22.970787048339844,16.04448127746582
720,19.2374210357666,18.3953857421875
721,17.658288955688477,15.68545913696289
722,24.552783966064453,19.25560188293457
723,26.714149475097656,28.957075119018555
724,8.379983901977539,15.440289497375488
725,12.618027687072754,12.235912322998047
726,31.29320526123047,24.968721389770508
727,9.747714042663574,6.159109592437744
728,8.848605155944824,4.724158763885498
729,20.49111557006836,17.13389015197754
730,8.695189476013184,5.95052433013916
731,5.339766979217529,3.5939884185791016
732,18.110063552856445,15.896679878234863
733,34.231590270996094,28.681846618652344
734,15.211045265197754,8.732468605041504
735,17.104158401489258,15.994367599487305
736,9.341053009033203,8.491280555725098
737,20.89544677734375,21.321413040161133
738,18.01407814025879,19.859756469726562
739,23.898271560668945,23.170188903808594
740,23.284212112426758,26.097326278686523
741,7.801860332489014,7.253608703613281
742,5.969362258911133,8.931258201599121
743,14.09180736541748,13.532979011535645
744,25.885608673095703,24.22703742980957
745,29.986413955688477,25.424577713012695
746,16.951675415039062,16.068790435791016
747,9.098553657531738,8.200766563415527
748,26.709314346313477,26.68120765686035
749,8.12250804901123,10.330157279968262
750,6.24285364151001,4.934996128082275
751,14.273408889770508,11.585375785827637
752,44.74919128417969,46.60749816894531
753,20.639636993408203,19.019786834716797
754,7.232665538787842,7.154043674468994
755,6.793670177459717,5.926833629608154
756,17.135997772216797,14.699113845825195
757,23.655780792236328,22.839075088500977
758,29.891559600830078,25.60564613342285
759,10.123811721801758,7.230587482452393
760,24.993410110473633,25.951292037963867
761,8.527384757995605,7.019346237182617
762,22.271093368530273,19.081262588500977
763,15.847051620483398,14.67059326171875
764,27.0965576171875,23.400775909423828
765,26.1416015625,26.73119354248047
766,33.26663589477539,32.05599594116211
767,27.550521850585938,24.553220748901367
768,32.62421798706055,27.470264434814453
769,15.98109245300293,15.203027725219727
770,5.0325446128845215,4.160160064697266
771,13.63204288482666,11.281901359558105
772,39.11408996582031,36.56511306762695
773,20.33917999267578,17.480384826660156
774,6.984553337097168,5.32167911529541
775,18.515945434570312,21.48851203918457
776,32.654911041259766,27.870885848999023
777,16.287019729614258,15.11594295501709
778,17.64019012451172,16.853271484375
779,37.138431549072266,31.25816535949707
780,35.281288146972656,35.33504104614258
781,65.03968811035156,47.663455963134766
782,23.182126998901367,20.038423538208008
783,8.015621185302734,7.166916847229004
784,3.685002088546753,8.03593921661377
785,12.966689109802246,12.871088027954102
786,26.649818420410156,17.557802200317383
787,14.44361686706543,11.813736915588379
788,20.60496711730957,20.75498390197754
789,22.994043350219727,18.40932273864746
790,47.20976257324219,39.858367919921875
791,7.977165222167969,8.585149765014648
792,8.347709655761719,4.414967060089111
793,8.333684921264648,6.163265228271484
794,21.299514770507812,17.661590576171875
795,10.701406478881836,8.678272247314453
796,26.62850570678711,26.683523178100586
797,11.355104446411133,6.941287994384766
798,24.814661026000977,26.839597702026367
799,26.543378829956055,27.636274337768555
800,47.09432601928711,47.008296966552734
801,20.097379684448242,16.15423583984375
802,57.96073913574219,44.684120178222656
803,27.462644577026367,14.808045387268066
804,10.251520156860352,8.397724151611328
805,7.739001750946045,5.615238189697266
806,10.435018539428711,9.146455764770508
807,53.207603454589844,43.918453216552734
808,13.847030639648438,14.297478675842285
809,11.131383895874023,7.170060634613037
810,9.159156799316406,9.133525848388672
811,16.469608306884766,11.806123733520508
812,17.78110694885254,15.611876487731934
813,39.92983627319336,38.24452590942383
814,34.42656326293945,31.18238639831543
815,20.851947784423828,18.884944915771484
816,28.289274215698242,20.86768913269043
817,24.419279098510742,23.19620704650879
818,6.65745735168457,7.909975528717041
819,15.89863395690918,15.285879135131836
820,14.535239219665527,13.246979713439941
821,11.032421112060547,7.775743007659912
822,42.84444808959961,42.317962646484375
823,11.912121772766113,9.960248947143555
824,21.949846267700195,15.989221572875977
825,6.5672454833984375,5.822255611419678
826,10.131823539733887,10.209511756896973
827,9.378190040588379,6.574771404266357
828,7.742903709411621,8.693534851074219
829,12.893644332885742,11.845169067382812
830,12.191683769226074,11.656439781188965
831,12.097159385681152,11.962501525878906
832,11.718887329101562,11.697948455810547
833,12.075248718261719,8.085104942321777
834,20.287036895751953,18.06093406677246
835,9.791974067687988,9.733753204345703
836,12.860231399536133,10.256733894348145
837,22.66836929321289,17.210317611694336
838,17.551362991333008,12.094515800476074
839,7.747980117797852,7.437503337860107
840,24.826784133911133,25.46672248840332
841,7.752887725830078,7.647722244262695
842,14.58517074584961,13.775392532348633
843,27.309913635253906,20.046884536743164
844,15.502317428588867,12.896944999694824
845,9.089418411254883,8.20811653137207
846,7.233519077301025,6.7778096199035645
847,45.2287483215332,47.2039680480957
848,21.298099517822266,18.530710220336914
849,33.49302291870117,23.244672775268555
850,10.437933921813965,10.927176475524902
851,46.20752716064453,34.36098861694336
852,5.440272808074951,6.20821475982666
853,23.730422973632812,20.33006477355957
854,13.439181327819824,12.018112182617188
855,11.4972505569458,13.846502304077148
856,24.048053741455078,21.658540725708008
857,26.64378547668457,27.23349952697754
858,5.183422088623047,6.791946887969971
859,11.788552284240723,11.1493558883667
860,17.421655654907227,14.657322883605957
861,14.200098991394043,14.07585620880127
862,21.144493103027344,14.227803230285645
863,7.205324649810791,7.046457767486572
864,10.849410057067871,9.552671432495117
865,6.796169757843018,5.900444984436035
866,23.839353561401367,21.92654800415039
867,14.864733695983887,14.177067756652832
868,9.754420280456543,7.048403263092041
869,10.129234313964844,9.910982131958008
870,25.187524795532227,23.892250061035156
871,9.288839340209961,10.0934419631958
872,11.324646949768066,7.921936988830566
873,8.851349830627441,8.153592109680176
874,7.738630294799805,6.323461532592773
875,11.901139259338379,15.576282501220703
876,7.8534255027771,7.202287197113037
877,37.34013748168945,37.433998107910156
878,15.37342357635498,11.993095397949219
879,12.336978912353516,10.598931312561035
880,9.277535438537598,8.464155197143555
881,13.947507858276367,15.245065689086914
882,7.548541069030762,7.5156683921813965
883,7.52824068069458,4.471955299377441
884,6.695011615753174,6.842166900634766
885,53.58026885986328,44.44532012939453
886,28.260454177856445,26.099889755249023
887,8.827643394470215,8.673593521118164
888,11.673095703125,11.339681625366211
889,26.269256591796875,18.765329360961914
890,16.980093002319336,12.256529808044434
891,60.50556182861328,53.64954376220703
892,35.46281814575195,28.46234893798828
893,18.604095458984375,17.75556755065918
894,24.44664192199707,21.612062454223633
895,26.71710777282715,18.509075164794922
896,11.243505477905273,11.774439811706543
897,6.393367290496826,5.157536506652832
898,14.391916275024414,15.9688720703125
899,12.601553916931152,11.859177589416504
900,17.68071174621582,19.157724380493164
901,18.7994441986084,10.553942680358887
902,10.514199256896973,9.857094764709473
903,38.85509490966797,30.13141632080078
904,9.574275016784668,8.693175315856934
905,18.233102798461914,15.421856880187988
906,7.315673828125,7.275215148925781
907,23.374412536621094,14.987382888793945
908,13.538000106811523,13.883796691894531
909,15.758317947387695,18.06315803527832
910,18.232521057128906,17.255271911621094
911,19.208988189697266,16.615705490112305
912,23.212247848510742,17.822832107543945
913,20.736133575439453,20.477201461791992
914,5.507037162780762,4.588893413543701
915,9.287191390991211,11.418067932128906
916,28.789501190185547,24.560420989990234
917,8.69621467590332,5.924475193023682
918,15.758631706237793,11.002314567565918
919,22.97481918334961,20.432661056518555
920,13.055285453796387,12.248051643371582
921,11.952312469482422,11.847771644592285
922,51.55406188964844,53.66365432739258
923,21.134611129760742,19.1650390625
924,10.197279930114746,7.2970194816589355
925,19.112356185913086,23.762304306030273
926,20.515045166015625,15.113025665283203
927,7.921186447143555,8.292242050170898
928,8.574678421020508,6.151379585266113
929,10.984628677368164,8.712417602539062
930,35.09828186035156,36.29703140258789
931,34.25240707397461,33.92905807495117
932,8.582558631896973,7.5482683181762695
933,7.907694339752197,10.68176555633545
934,19.53472900390625,17.359447479248047
935,22.104238510131836,19.537031173706055
936,35.69473648071289,32.42428207397461
937,14.883927345275879,13.12447738647461
938,8.732892990112305,9.251627922058105
939,9.016058921813965,7.433732509613037
940,9.142754554748535,7.91270637512207
941,30.37484359741211,19.193506240844727
942,13.62231159210205,12.959227561950684
943,8.64923095703125,5.724662780761719
944,12.021336555480957,11.63181209564209
945,8.146574974060059,7.8074822425842285
946,9.824912071228027,7.443875312805176
947,10.37672233581543,8.670759201049805
948,48.19194412231445,39.54471969604492
949,17.157236099243164,16.28350067138672
950,17.670495986938477,18.676658630371094
951,35.12268829345703,33.12199020385742
952,30.989315032958984,34.61241912841797
953,33.93049621582031,28.4908447265625
954,16.358179092407227,13.704047203063965
955,7.01649808883667,6.80582332611084
956,8.923334121704102,8.303797721862793
957,21.991212844848633,26.573455810546875
958,12.88242244720459,10.609824180603027
959,35.1803092956543,34.21329116821289
960,15.567252159118652,11.043850898742676
961,6.851744651794434,6.272993087768555
962,25.351343154907227,19.007509231567383
963,8.705004692077637,7.73947811126709
964,33.85620880126953,30.98948097229004
965,7.344815731048584,6.684828758239746
966,7.1835198402404785,8.652769088745117
967,9.264580726623535,9.636043548583984
968,26.366867065429688,23.47813606262207
969,24.010316848754883,22.650981903076172
970,28.447431564331055,29.199766159057617
971,30.591806411743164,27.03483772277832
972,8.62398910522461,6.905996322631836
973,18.472824096679688,16.316526412963867
974,6.4516754150390625,7.425296783447266
975,8.013182640075684,6.5158610343933105
976,16.222427368164062,15.844727516174316
977,19.394657135009766,14.608379364013672
978,9.546710968017578,10.953678131103516
979,5.755540370941162,5.224358081817627
980,29.126014709472656,24.864442825317383
981,14.112068176269531,16.21636390686035
982,20.707796096801758,27.264389038085938
983,9.149433135986328,9.689160346984863
984,5.473591327667236,6.504404067993164
985,16.198863983154297,15.240610122680664
986,21.463665008544922,19.59518814086914
987,7.490335941314697,8.430216789245605
988,9.670979499816895,7.431300640106201
989,42.764320373535156,37.456138610839844
990,10.836174964904785,8.973013877868652
991,30.607017517089844,24.91263771057129
992,53.53227615356445,50.35854721069336
993,24.6669864654541,19.535320281982422
994,5.215270042419434,4.690640926361084
995,19.479469299316406,18.789159774780273
996,28.282817840576172,19.47630500793457
997,27.194669723510742,35.12345504760742
998,14.046701431274414,12.97769832611084
999,17.394609451293945,15.730040550231934
1000,10.653061866760254,9.866141319274902
1001,11.203401565551758,8.236410140991211
1002,5.950192928314209,6.731782913208008
1003,11.735782623291016,11.329073905944824
1004,9.374354362487793,8.219137191772461
1005,30.951663970947266,26.6872501373291
1006,30.69874382019043,32.49193572998047
1007,8.947331428527832,9.281848907470703
1008,5.682754039764404,7.328550815582275
1009,21.19710922241211,26.22798728942871
1010,10.561132431030273,8.872337341308594
1011,17.84908676147461,17.893787384033203
1012,42.125709533691406,41.13680648803711
1013,29.032732009887695,24.97029685974121
1014,5.875675678253174,5.5434956550598145
1015,16.369644165039062,15.77430248260498
1016,13.374892234802246,12.576233863830566
1017,24.46956443786621,12.62200927734375
1018,9.254088401794434,8.564462661743164
1019,15.63534164428711,15.989073753356934
1020,15.092302322387695,14.240381240844727
1021,31.189537048339844,25.921890258789062
1022,39.5373420715332,33.6163330078125
1023,20.765893936157227,16.919626235961914
1024,7.126751899719238,5.604017734527588
1025,11.53735065460205,8.225725173950195
1026,14.743337631225586,13.284618377685547
1027,10.95313549041748,8.228360176086426
1028,12.474084854125977,9.065390586853027
1029,8.435983657836914,7.620743751525879
1030,7.052762985229492,4.905312538146973
1031,22.650232315063477,20.725740432739258
1032,15.151658058166504,14.866265296936035
1033,7.708981513977051,6.590182304382324
1034,6.713150501251221,6.016589164733887
1035,12.266583442687988,10.454452514648438
1036,12.344971656799316,10.790823936462402
1037,34.575965881347656,32.629295349121094
1038,13.428953170776367,11.645097732543945
1039,8.375907897949219,8.41256046295166
1040,4.073436260223389,15.539449691772461
1041,28.94882583618164,24.09761619567871
1042,28.25977897644043,35.09964370727539
1043,13.544059753417969,11.415971755981445
1044,7.6936516761779785,4.4521989822387695
1045,12.065040588378906,11.00074577331543
1046,16.06255340576172,15.356643676757812
1047,26.802600860595703,27.023479461669922
1048,5.268681049346924,4.997883319854736
1049,12.453269958496094,12.140324592590332
1050,10.7409029006958,10.359302520751953
1051,12.051339149475098,10.593939781188965
1052,10.381019592285156,8.07285213470459
1053,21.51141357421875,25.641618728637695
1054,17.59121322631836,18.5084171295166
1055,7.741068363189697,7.051967144012451
1056,5.726241588592529,5.8659749031066895
1057,19.551403045654297,20.046537399291992
1058,31.229108810424805,31.878992080688477
1059,17.05122947692871,13.71633243560791
1060,26.041545867919922,21.584569931030273
1061,29.682331085205078,26.92371940612793
1062,19.72341537475586,12.49911117553711
1063,7.114224910736084,6.948149681091309
1064,4.161027431488037,4.701174736022949
1065,10.699007987976074,10.441671371459961
1066,13.147719383239746,8.599621772766113
1067,6.019608974456787,5.314387321472168
1068,29.92363739013672,29.346771240234375
1069,8.04422378540039,8.334976196289062
1070,36.735984802246094,34.016841888427734
1071,9.337942123413086,5.928434371948242
1072,17.582056045532227,15.707555770874023
1073,69.63558197021484,45.24125671386719
1074,20.776479721069336,18.479047775268555
1075,13.054059982299805,8.08303165435791
1076,15.176403045654297,11.941703796386719
1077,12.884864807128906,11.392765998840332
1078,4.495954513549805,3.048943042755127
1079,3.7054922580718994,6.331454277038574
1080,35.446876525878906,31.65764617919922
1081,4.224690914154053,6.681142330169678
1082,17.75505256652832,16.671772003173828
1083,30.877357482910156,27.25730323791504
1084,56.63653564453125,45.62080764770508
1085,25.566116333007812,23.113767623901367
1086,8.073308944702148,7.579648971557617
1087,9.65645694732666,8.018830299377441
1088,5.936613082885742,5.974268913269043
1089,27.900863647460938,28.96817970275879
1090,18.84008026123047,15.966292381286621
1091,13.143988609313965,11.588373184204102
1092,15.311371803283691,14.003992080688477
1093,6.39366340637207,5.865758895874023
1094,34.03105163574219,26.808605194091797
1095,15.82935619354248,15.369351387023926
1096,7.829229354858398,8.644126892089844
1097,36.691001892089844,35.99256896972656
1098,13.454888343811035,8.948885917663574
1099,22.957090377807617,21.786611557006836
1100,13.037372589111328,14.580836296081543
1101,23.129329681396484,20.235576629638672
1102,13.50050163269043,11.624005317687988
1103,9.21777629852295,7.862809181213379
1104,4.63722038269043,4.676480293273926
1105,19.984039306640625,16.14925193786621
1106,6.928075790405273,9.289628982543945
1107,9.38729190826416,6.557687759399414
1108,20.87754249572754,21.755910873413086
1109,40.71006393432617,39.67588424682617
1110,26.945798873901367,24.074861526489258
1111,5.456025123596191,7.121349334716797
1112,20.793546676635742,23.577590942382812
1113,11.255643844604492,8.889605522155762
1114,16.561716079711914,15.367725372314453
1115,13.780593872070312,14.448613166809082
1116,13.524091720581055,14.509514808654785
1117,13.928924560546875,13.03148078918457
1118,20.394289016723633,16.15083122253418
1119,11.361688613891602,9.315336227416992
1120,5.978325843811035,6.432037353515625
1121,17.83175277709961,12.414167404174805
1122,8.21604061126709,7.268864154815674
1123,24.139812469482422,23.0191707611084
1124,18.288162231445312,13.041032791137695
1125,22.15450096130371,18.366069793701172
1126,5.776008605957031,7.24501371383667
1127,42.387840270996094,35.21632766723633
1128,21.598690032958984,19.567474365234375
1129,9.98568058013916,10.066471099853516
1130,5.444985389709473,11.68110466003418
1131,23.430273056030273,23.055278778076172
1132,21.176782608032227,17.619691848754883
1133,38.4074592590332,37.32905197143555
1134,9.042158126831055,8.626243591308594
1135,18.489120483398438,17.707698822021484
1136,6.255443572998047,4.992167949676514
1137,11.497815132141113,7.288344860076904
1138,6.067713737487793,5.830750942230225
1139,15.065607070922852,17.476104736328125
1140,18.603219985961914,14.983318328857422
1141,5.632180213928223,5.52315092086792
1142,26.51390266418457,33.21982955932617
1143,25.74568748474121,21.338899612426758
1144,12.910625457763672,11.552913665771484
1145,10.09206771850586,7.789638042449951
1146,37.50448989868164,33.23336410522461
1147,13.61462116241455,13.930306434631348
1148,18.785451889038086,19.39261245727539
1149,17.706390380859375,7.678017616271973
1150,32.409969329833984,28.897968292236328
1151,9.561622619628906,7.4004387855529785
1152,32.76195526123047,23.22187042236328
1153,21.869333267211914,15.147144317626953
1154,36.10425567626953,33.63492202758789
1155,49.851226806640625,42.28477478027344
1156,21.086002349853516,15.01170825958252
1157,18.474227905273438,11.401825904846191
1158,9.745389938354492,7.632945537567139
1159,6.579779624938965,7.058868408203125
1160,27.03618621826172,25.1151123046875
1161,17.52532386779785,17.222612380981445
1162,4.069340705871582,5.105330944061279
1163,12.812743186950684,12.887580871582031
1164,51.50117111206055,36.461517333984375
1165,11.61713981628418,10.78625202178955
1166,18.705997467041016,16.18195915222168
1167,39.41633987426758,40.05381393432617
1168,10.935325622558594,9.088029861450195
1169,11.36973762512207,11.103277206420898
1170,6.828100204467773,5.7787885665893555
1171,8.254630088806152,8.6507568359375
1172,34.45244216918945,41.10796356201172
1173,17.44355583190918,13.70870304107666
1174,36.24715042114258,36.5318489074707
1175,8.684101104736328,8.972593307495117
1176,17.905668258666992,14.977180480957031
1177,33.01274871826172,33.86869812011719
1178,26.080154418945312,23.454730987548828
1179,9.595213890075684,10.876503944396973
1180,10.474319458007812,9.561984062194824
1181,6.890172004699707,6.552994728088379
1182,17.152631759643555,12.100007057189941
1183,5.612664699554443,6.9568023681640625
1184,12.07564926147461,10.617690086364746
1185,33.559059143066406,31.424270629882812
1186,13.948747634887695,9.76241683959961
1187,10.674211502075195,5.701244831085205
1188,19.182294845581055,18.903141021728516
1189,60.001251220703125,52.993743896484375
1190,8.904973983764648,10.900675773620605
1191,25.251659393310547,19.606674194335938
1192,4.03071928024292,5.841461181640625
1193,10.220986366271973,10.425777435302734
1194,9.441878318786621,7.8804521560668945
1195,20.75263786315918,16.87013053894043
1196,46.474002838134766,36.39815139770508
1197,20.847681045532227,19.403884887695312
1198,11.684823036193848,12.360868453979492
1199,9.452104568481445,8.7740478515625
1200,37.82523727416992,37.49080276489258
1201,18.643062591552734,18.60293197631836
1202,6.332577228546143,8.308697700500488
1203,7.930738925933838,5.109736919403076
1204,16.627288818359375,16.486913681030273
1205,8.015113830566406,9.152915954589844
1206,7.880823135375977,5.617000579833984
1207,19.38895034790039,16.89087677001953
1208,9.611896514892578,8.83917236328125
1209,19.07154083251953,15.645622253417969
1210,16.580095291137695,14.51231861114502
1211,15.823487281799316,20.456621170043945
1212,16.65133285522461,16.19245719909668
1213,13.064668655395508,12.148209571838379
1214,18.778005599975586,17.5855655670166
1215,10.260493278503418,8.628750801086426
1216,64.46642303466797,39.62764358520508
1217,23.249677658081055,23.166597366333008
1218,14.120126724243164,12.137225151062012
1219,27.02083396911621,27.948579788208008
1220,16.002368927001953,17.199840545654297
1221,10.44398021697998,9.789060592651367
1222,15.92029857635498,15.821799278259277
1223,26.459896087646484,27.60906410217285
1224,11.580801010131836,8.116698265075684
1225,12.55250072479248,8.67154312133789
1226,7.1020073890686035,6.661653995513916
1227,25.759035110473633,22.721895217895508
1228,10.26982593536377,8.499924659729004
1229,8.281087875366211,7.864742279052734
1230,10.882669448852539,7.751366138458252
1231,3.2758123874664307,7.58164119720459
1232,10.478375434875488,7.5746073722839355
1233,11.094076156616211,8.643120765686035
1234,14.139732360839844,14.294445991516113
1235,18.060914993286133,16.940828323364258
1236,13.662318229675293,12.323884010314941
1237,30.23521614074707,33.45951843261719
1238,35.20807647705078,27.67245101928711
1239,7.336742401123047,6.046741485595703
1240,8.327333450317383,8.007227897644043
1241,26.17466926574707,23.697439193725586
1242,20.145490646362305,15.694574356079102
1243,38.15193557739258,37.95446014404297
1244,22.82649040222168,22.30332374572754
1245,20.298845291137695,15.258188247680664
1246,12.71417236328125,13.368199348449707
1247,34.330780029296875,31.27762222290039
1248,54.0755615234375,40.45381546020508
1249,6.119733810424805,4.682278156280518
1250,24.246347427368164,25.574922561645508
1251,40.849464416503906,30.860790252685547
1252,11.340392112731934,10.110093116760254
1253,29.79507827758789,32.463409423828125
1254,6.294027805328369,6.27197265625
1255,18.356731414794922,16.75185775756836
1256,30.415992736816406,18.884679794311523
1257,6.175713062286377,6.090790748596191
1258,31.635251998901367,37.47248458862305
1259,13.944124221801758,13.86745548248291
1260,18.276548385620117,16.518524169921875
1261,32.60540008544922,29.941570281982422
1262,21.513063430786133,18.86884880065918
1263,9.210474014282227,7.21818208694458
1264,48.57461929321289,40.54281234741211
1265,25.052810668945312,24.114145278930664
1266,17.737104415893555,17.158645629882812
1267,12.568977355957031,9.044382095336914
1268,9.325217247009277,8.561443328857422
1269,15.805181503295898,13.51545524597168
1270,13.097453117370605,12.838167190551758
1271,18.290267944335938,14.58803939819336
1272,11.384286880493164,11.922457695007324
1273,5.973045825958252,6.505606651306152
1274,27.047435760498047,29.304040908813477
1275,11.718179702758789,10.921106338500977
1276,40.148014068603516,33.42068099975586
1277,9.793868064880371,7.522610187530518
1278,18.289836883544922,17.71805763244629
1279,29.851207733154297,30.3028507232666
1280,7.891267776489258,7.325433254241943
1281,40.87111282348633,37.958431243896484
1282,15.098219871520996,14.750527381896973
1283,18.928613662719727,15.338090896606445
1284,4.743381023406982,8.46248722076416
1285,7.7047810554504395,7.035070419311523
1286,13.419344902038574,10.35500431060791
1287,13.812078475952148,12.734838485717773
1288,18.15099334716797,18.1691837310791
1289,7.389745712280273,7.374516487121582
1290,20.058874130249023,16.894784927368164
1291,19.518159866333008,17.727365493774414
1292,23.168907165527344,20.629337310791016
1293,20.660877227783203,17.503910064697266
1294,32.434024810791016,34.26869583129883
1295,7.086440563201904,6.882669448852539
1296,24.07337188720703,22.597972869873047
1297,13.729808807373047,12.931626319885254
1298,16.403261184692383,14.947752952575684
1299,24.097993850708008,23.434688568115234
1300,22.319957733154297,22.42705726623535
1301,6.3530778884887695,8.796708106994629
1302,28.980403900146484,23.650615692138672
1303,37.50726318359375,33.23158645629883
1304,36.251220703125,28.60770034790039
1305,9.101911544799805,9.670173645019531
1306,29.177947998046875,24.782838821411133
1307,5.993591785430908,4.789944648742676
1308,19.88024139404297,20.508302688598633
1309,46.4422492980957,37.07881546020508
1310,13.065934181213379,4.3157758712768555
1311,22.30323600769043,21.141008377075195
1312,28.152040481567383,26.93437385559082
1313,35.49517059326172,35.47309494018555
1314,10.801508903503418,10.406913757324219
1315,13.984925270080566,13.120441436767578
1316,11.432476997375488,10.415733337402344
1317,21.813867568969727,24.442548751831055
1318,12.10757064819336,10.995922088623047
1319,16.378358840942383,10.338821411132812
1320,16.321754455566406,12.498147010803223
1321,18.419099807739258,15.918882369995117
1322,28.887014389038086,28.11581802368164
1323,22.23245620727539,23.591218948364258
1324,16.37704849243164,11.867388725280762
1325,10.977627754211426,8.67680835723877
1326,44.976219177246094,42.20532989501953
1327,13.267040252685547,13.388894081115723
1328,38.65678405761719,33.38960647583008
1329,16.24269676208496,3.6067051887512207
1330,46.409950256347656,33.433956146240234
1331,17.54819679260254,15.95373249053955
1332,15.231017112731934,13.282037734985352
1333,7.947329998016357,10.138310432434082
1334,20.723337173461914,23.911218643188477
1335,9.76368522644043,9.746345520019531
1336,29.996110916137695,25.884981155395508
1337,10.605581283569336,10.30058765411377
1338,10.06579303741455,8.622780799865723
1339,12.254462242126465,11.758377075195312
1340,12.732440948486328,9.804030418395996
1341,37.11592483520508,28.129663467407227
1342,6.54088020324707,4.931711196899414
1343,4.301225662231445,5.124509811401367
1344,8.00999641418457,10.798622131347656
1345,15.50771427154541,14.46662425994873
1346,32.897300720214844,38.74623489379883
1347,34.87308120727539,34.87781524658203
1348,4.8776326179504395,6.881989002227783
1349,7.341999530792236,6.642573356628418
1350,28.747140884399414,24.58036231994629
1351,8.307830810546875,7.971047878265381
1352,14.225695610046387,11.589678764343262
1353,18.396215438842773,20.119386672973633
1354,15.721725463867188,15.10916805267334
1355,24.233333587646484,19.215673446655273
1356,18.113292694091797,17.452695846557617
1357,11.700697898864746,10.870437622070312
1358,16.102214813232422,17.042133331298828
1359,12.155911445617676,11.674335479736328
1360,10.203741073608398,10.38953971862793
1361,17.459598541259766,10.433701515197754
1362,6.460718154907227,7.743610858917236
1363,13.970099449157715,12.905204772949219
1364,9.861783981323242,8.079987525939941
1365,7.916740417480469,9.30176067352295
1366,6.170111656188965,4.259040355682373
1367,9.658021926879883,8.863445281982422
1368,16.313825607299805,13.983391761779785
1369,33.091644287109375,35.61207962036133
1370,8.679031372070312,9.016188621520996
1371,15.482721328735352,13.327611923217773
1372,30.923330307006836,25.358179092407227
1373,22.784440994262695,17.839439392089844
1374,20.661563873291016,18.72176170349121
1375,6.749096870422363,4.402867794036865
1376,6.491184234619141,4.5370073318481445
1377,12.422575950622559,9.383617401123047
1378,42.05052947998047,31.058103561401367
1379,18.120080947875977,17.850360870361328
1380,45.84873962402344,29.38530158996582
1381,16.28449821472168,16.17780113220215
1382,23.18335723876953,16.898530960083008
1383,52.541107177734375,48.872344970703125
1384,8.713432312011719,10.711640357971191
1385,26.350072860717773,30.692214965820312
1386,46.79545593261719,38.340087890625
1387,9.075559616088867,12.455984115600586
1388,23.187862396240234,21.518390655517578
1389,23.327043533325195,14.111117362976074
1390,4.202991008758545,4.712521553039551
1391,10.33026123046875,10.590428352355957
1392,29.38670539855957,28.79631805419922
1393,32.1124267578125,29.616960525512695
1394,7.127384185791016,9.840818405151367
1395,35.73169708251953,34.54583740234375
1396,9.850787162780762,11.66051959991455
1397,10.606176376342773,10.03656005859375
1398,7.3701395988464355,6.568264484405518
1399,3.470517158508301,4.644565582275391
1400,19.94678497314453,15.940393447875977
1401,11.219409942626953,12.131175994873047
1402,36.79696273803711,31.81194496154785
1403,41.31996536254883,36.0178108215332
1404,46.45155334472656,40.57026290893555
1405,12.890501976013184,5.59019660949707
1406,27.439271926879883,24.41669273376465
1407,13.409453392028809,13.453879356384277
1408,6.439100742340088,4.748079299926758
1409,29.373117446899414,21.922508239746094
1410,21.208559036254883,18.086484909057617
1411,5.974127292633057,5.57724666595459
1412,20.297832489013672,19.398530960083008
1413,9.853856086730957,5.094187259674072
1414,6.4271650314331055,6.693481922149658
1415,7.6039533615112305,5.87783145904541
1416,9.541817665100098,9.3301420211792
1417,13.502815246582031,10.019225120544434
1418,10.497011184692383,8.966272354125977
1419,10.230112075805664,9.512782096862793
1420,31.829694747924805,31.652305603027344
1421,16.816286087036133,16.544185638427734
1422,45.353004455566406,36.68709182739258
1423,19.167736053466797,18.892324447631836
1424,8.640030860900879,8.682628631591797
1425,11.499393463134766,12.317517280578613
1426,9.238059997558594,8.714601516723633
1427,12.212777137756348,8.756783485412598
1428,36.0283317565918,33.94594955444336
1429,6.805565357208252,6.771081924438477
1430,28.90648078918457,24.771814346313477
1431,16.716609954833984,14.84438705444336
1432,15.62695598602295,11.066365242004395
1433,16.575834274291992,13.885302543640137
1434,12.589548110961914,14.168829917907715
1435,3.593174695968628,5.4758405685424805
1436,17.12480926513672,14.91287612915039
1437,32.927490234375,30.643098831176758
1438,7.788413047790527,5.52238130569458
1439,22.45685386657715,23.806236267089844
1440,25.475513458251953,24.46135139465332
1441,9.600626945495605,6.629960060119629
1442,35.59761428833008,31.883501052856445
1443,32.25067901611328,31.773286819458008
1444,49.692474365234375,44.46290969848633
1445,5.27938175201416,5.739417552947998
1446,7.120091915130615,6.758934020996094
1447,14.494438171386719,11.171070098876953
1448,8.904462814331055,7.382998943328857
1449,14.405412673950195,14.149923324584961
1450,33.532073974609375,36.733680725097656
1451,15.917305946350098,13.343461990356445
1452,9.306632041931152,9.341550827026367
1453,28.767242431640625,25.55229949951172
1454,8.144092559814453,4.917773723602295
1455,6.545358657836914,5.250966548919678
1456,33.56159210205078,26.06450843811035
1457,42.94369125366211,23.712560653686523
1458,23.863122940063477,20.631261825561523
1459,37.90185546875,27.144195556640625
1460,57.545833587646484,34.78721237182617
1461,10.43043327331543,10.60910701751709
1462,52.572078704833984,35.12950897216797
1463,16.854976654052734,16.843080520629883
1464,33.7722053527832,34.132904052734375
1465,38.686790466308594,30.17800521850586
1466,4.638359546661377,5.520137310028076
1467,10.95580768585205,8.622236251831055
1468,7.100921154022217,6.926084041595459
1469,15.451583862304688,16.656736373901367
1470,9.856633186340332,9.295736312866211
1471,16.417495727539062,15.006372451782227
1472,15.025951385498047,11.567447662353516
1473,15.871973991394043,15.38502311706543
1474,24.420991897583008,22.781261444091797
1475,30.622934341430664,24.625391006469727
1476,10.076970100402832,9.264167785644531
1477,54.3458137512207,42.5029182434082
1478,9.835227012634277,8.492016792297363
1479,9.102773666381836,8.58992862701416
1480,10.42582893371582,11.360918045043945
1481,16.882787704467773,14.564351081848145
1482,8.111959457397461,7.373050689697266
1483,4.891297817230225,4.457453727722168
1484,11.123974800109863,9.92682933807373
1485,32.732791900634766,27.50259017944336
1486,19.012256622314453,19.353479385375977
1487,26.393354415893555,20.05824089050293
1488,23.67405891418457,23.36896514892578
1489,11.5643310546875,15.462762832641602
1490,7.323448181152344,7.977517604827881
1491,29.29690170288086,27.39808464050293
1492,15.690777778625488,15.072670936584473
1493,48.666629791259766,49.4891357421875
1494,12.627785682678223,9.187408447265625
1495,11.359384536743164,8.569137573242188
1496,11.816813468933105,9.555398941040039
1497,35.912052154541016,40.668617248535156
1498,35.74885940551758,28.616079330444336
1499,11.371329307556152,9.369317054748535
1500,19.107755661010742,16.199687957763672
1501,5.947983741760254,6.691548824310303
1502,18.072771072387695,15.490630149841309
1503,34.414154052734375,32.860774993896484
1504,9.725411415100098,8.24671745300293
1505,17.19415283203125,16.20482063293457
1506,22.674436569213867,19.203248977661133
1507,6.816675186157227,3.4840826988220215
1508,16.971193313598633,17.01935386657715
1509,6.039130210876465,6.304161071777344
1510,9.597186088562012,7.2651591300964355
1511,8.482473373413086,7.116193771362305
1512,9.728446006774902,6.942941188812256
1513,9.730037689208984,9.033936500549316
1514,45.736000061035156,38.60543441772461
1515,28.411775588989258,26.77144432067871
1516,27.93794822692871,24.38252067565918
1517,29.072587966918945,25.288597106933594
1518,13.485612869262695,13.363737106323242
1519,12.82966136932373,11.408197402954102
1520,26.523956298828125,21.684551239013672
1521,23.849597930908203,26.190603256225586
1522,30.464221954345703,25.839359283447266
1523,14.157172203063965,6.782264709472656
1524,12.36507797241211,11.510181427001953
1525,11.042366027832031,9.637945175170898
1526,18.975879669189453,16.7307186126709
1527,12.381611824035645,4.823601722717285
1528,11.485618591308594,10.809222221374512
1529,14.370492935180664,13.325826644897461
1530,25.61122703552246,19.921483993530273
1531,6.681461811065674,3.2959742546081543
1532,6.631328105926514,6.856890678405762
1533,12.689473152160645,11.809661865234375
1534,13.14427375793457,10.140572547912598
1535,12.981412887573242,13.351444244384766
1536,50.58589553833008,46.72080612182617
1537,9.662288665771484,10.008676528930664
1538,19.014970779418945,16.52040672302246
1539,12.655582427978516,12.458023071289062
1540,16.49687385559082,15.540593147277832
1541,24.013395309448242,22.429780960083008
1542,21.833581924438477,19.708261489868164
1543,40.37907409667969,33.16440963745117
1544,11.020011901855469,9.121703147888184
1545,16.30423355102539,17.13467025756836
1546,16.845928192138672,16.483539581298828
1547,11.600339889526367,8.520092010498047
1548,19.29697036743164,18.498815536499023
1549,30.622831344604492,28.198715209960938
1550,5.848799705505371,5.892454624176025
1551,23.170080184936523,22.25068473815918
1552,11.288803100585938,13.498849868774414
1553,11.392223358154297,10.716914176940918
1554,13.510680198669434,4.895164489746094
1555,11.466894149780273,9.115803718566895
1556,10.799932479858398,10.456611633300781
1557,34.66143798828125,33.87839126586914
1558,12.253949165344238,10.099705696105957
1559,18.14012908935547,17.002511978149414
1560,25.69213104248047,22.954267501831055
1561,20.13362693786621,23.335832595825195
1562,9.136165618896484,8.770598411560059
1563,4.355849266052246,5.933398246765137
1564,21.49915885925293,21.377695083618164
1565,19.014570236206055,18.018583297729492
1566,12.946137428283691,9.94292163848877
1567,11.387351989746094,9.98710823059082
1568,26.511199951171875,31.14791488647461
1569,14.720246315002441,13.844429969787598
1570,55.076168060302734,51.01893997192383
1571,32.37893295288086,31.04538345336914
1572,19.049291610717773,18.48202133178711
1573,16.994579315185547,14.903441429138184
1574,18.093883514404297,19.495098114013672
1575,7.060271739959717,3.7448432445526123
1576,21.66376495361328,18.006385803222656
1577,8.901524543762207,10.039778709411621
1578,13.993376731872559,13.597436904907227
1579,28.61322784423828,22.785165786743164
1580,49.8026237487793,50.507991790771484
1581,13.040131568908691,14.48444938659668
1582,6.401891708374023,6.6235151290893555
1583,22.287580490112305,21.507963180541992
1584,12.23728084564209,7.771135330200195
1585,16.154460906982422,14.912698745727539
1586,38.086002349853516,36.4337272644043
1587,13.239209175109863,15.850776672363281
1588,25.559566497802734,32.39894485473633
1589,6.982593536376953,7.19419002532959
1590,13.868242263793945,10.663006782531738
1591,9.972654342651367,10.032903671264648
1592,9.249038696289062,7.994690418243408
1593,16.29755973815918,16.072620391845703
1594,9.371257781982422,10.513861656188965
1595,21.278331756591797,21.394311904907227
1596,32.526222229003906,26.68678092956543
1597,18.016828536987305,16.93343162536621
1598,10.730447769165039,5.484389781951904
1599,19.855281829833984,14.565874099731445
1600,47.84587097167969,41.79154968261719
1601,10.70278263092041,8.749746322631836
1602,37.68362045288086,25.37311363220215
1603,15.160215377807617,11.89095687866211
1604,36.63029098510742,27.859575271606445
1605,14.2108793258667,13.640188217163086
1606,7.857322692871094,6.539239406585693
1607,16.130359649658203,14.35253620147705
1608,11.880014419555664,12.086198806762695
1609,9.62044620513916,9.544806480407715
1610,15.059141159057617,14.153912544250488
1611,11.177939414978027,11.122833251953125
1612,12.574076652526855,9.469701766967773
1613,31.44866180419922,26.172203063964844
1614,10.55031681060791,10.081849098205566
1615,13.064823150634766,15.412696838378906
1616,9.156335830688477,8.769904136657715
1617,14.546297073364258,13.863978385925293
1618,14.27797794342041,14.783361434936523
1619,22.854759216308594,19.32023811340332
1620,22.16514778137207,19.417789459228516
1621,7.620773792266846,4.600710391998291
1622,13.758039474487305,9.817505836486816
1623,17.261619567871094,15.519287109375
1624,11.007755279541016,6.495742321014404
1625,6.531101226806641,5.717299938201904
1626,15.970873832702637,13.37639331817627
1627,16.977094650268555,13.066329956054688
1628,46.71455764770508,41.91471481323242
1629,35.7091178894043,30.929975509643555
1630,12.008378028869629,9.756582260131836
1631,32.546600341796875,27.790916442871094
1632,31.811397552490234,28.190641403198242
1633,9.147550582885742,8.971756935119629
1634,14.025355339050293,10.20935344696045
1635,40.85701370239258,32.67219161987305
1636,30.18013572692871,25.37418556213379
1637,26.58546257019043,30.588382720947266
1638,12.224095344543457,13.179485321044922
1639,17.878385543823242,16.70082664489746
1640,7.228841781616211,7.227875232696533
1641,24.66337776184082,23.08669662475586
1642,12.21626091003418,9.799558639526367
1643,10.966669082641602,9.086962699890137
1644,20.539569854736328,16.812437057495117
1645,11.354644775390625,10.277603149414062
1646,24.48023223876953,25.945043563842773
1647,12.788997650146484,11.660798072814941
1648,34.838558197021484,32.77702713012695
1649,12.826262474060059,8.717941284179688
1650,30.738296508789062,24.944536209106445
1651,8.993841171264648,9.102677345275879
1652,13.686701774597168,13.44089412689209
1653,13.40996265411377,15.377907752990723
1654,10.92061996459961,10.86636734008789
1655,33.994544982910156,32.83015823364258
1656,5.855742931365967,5.540557384490967
1657,17.286800384521484,11.212958335876465
1658,17.913251876831055,16.0552921295166
1659,22.77310562133789,21.94793128967285
1660,26.047252655029297,23.131877899169922
1661,11.220983505249023,9.706245422363281
1662,14.314886093139648,10.11820125579834
1663,31.99427604675293,33.97610092163086
1664,12.157716751098633,10.686983108520508
1665,6.480388164520264,5.543367862701416
1666,8.599839210510254,8.673050880432129
1667,11.589635848999023,11.016650199890137
1668,8.474186897277832,7.271135330200195
1669,7.594369411468506,7.940816879272461
1670,6.127780914306641,6.221790313720703
1671,6.7177934646606445,6.635019779205322
1672,33.24972915649414,31.747743606567383
1673,29.451763153076172,32.51835632324219
1674,5.354804515838623,8.08157730102539
1675,17.372583389282227,14.204791069030762
1676,5.402698993682861,6.5562615394592285
1677,17.235885620117188,16.817625045776367
1678,7.562827110290527,7.327702522277832
1679,14.584903717041016,13.335912704467773
1680,42.024444580078125,40.19133758544922
1681,6.174901008605957,6.956381797790527
1682,10.544113159179688,8.793723106384277
1683,38.53851318359375,36.78718948364258
1684,24.857709884643555,22.45283317565918
1685,7.655348777770996,5.15279483795166
1686,36.92686462402344,32.62459182739258
1687,7.536747455596924,8.275382041931152
1688,11.267752647399902,10.173184394836426
1689,9.291499137878418,4.790045738220215
1690,27.947040557861328,19.607799530029297
1691,14.312134742736816,13.027897834777832
1692,5.364659309387207,7.428218841552734
1693,8.80322265625,8.69260311126709
1694,27.885961532592773,28.610593795776367
1695,15.035234451293945,17.083667755126953
1696,22.657320022583008,18.983680725097656
1697,8.826520919799805,5.7893548011779785
1698,26.581104278564453,23.422107696533203
1699,21.213741302490234,30.149330139160156
1700,7.389265537261963,5.491031169891357
1701,5.904451847076416,5.396966934204102
1702,18.679401397705078,16.61490821838379
1703,6.69931697845459,6.064290523529053
1704,8.519018173217773,8.195690155029297
1705,20.192310333251953,14.070378303527832
1706,24.14153480529785,23.56313705444336
1707,14.242365837097168,9.244187355041504
1708,21.873201370239258,11.886702537536621
1709,8.4577054977417,8.907766342163086
1710,18.6673583984375,13.848313331604004
1711,21.16715431213379,20.282756805419922
1712,18.285459518432617,28.09832000732422
1713,6.1850152015686035,4.555360794067383
1714,17.128522872924805,17.13477897644043
1715,29.215593338012695,27.13562774658203
1716,29.258670806884766,27.838184356689453
1717,5.913232803344727,6.5564961433410645
1718,12.097600936889648,10.750760078430176
1719,54.30979537963867,50.77992630004883
1720,7.765944004058838,4.765561580657959
1721,30.160913467407227,27.158153533935547
1722,12.03244400024414,11.205151557922363
1723,12.103304862976074,13.701831817626953
1724,7.050535202026367,6.60120964050293
1725,7.960156440734863,3.6335623264312744
1726,8.84227466583252,6.474650859832764
1727,21.304197311401367,23.216623306274414
1728,9.074234962463379,6.0794782638549805
1729,9.935689926147461,8.589179039001465
1730,53.65704345703125,40.08810043334961
1731,18.459095001220703,18.659624099731445
1732,12.079545021057129,9.589567184448242
1733,11.823018074035645,4.647301197052002
1734,11.917061805725098,12.272126197814941
1735,12.912883758544922,12.616617202758789
1736,8.798717498779297,9.9633150100708
1737,9.114548683166504,5.584655284881592
1738,25.458877563476562,27.63798713684082
1739,12.193202018737793,10.307670593261719
1740,35.91881561279297,34.11139678955078
1741,32.97705841064453,34.1076774597168
1742,46.179569244384766,42.949954986572266
1743,13.943958282470703,10.120615005493164
1744,34.19427490234375,39.959327697753906
1745,14.271449089050293,11.063472747802734
1746,4.799556255340576,5.295007228851318
1747,12.085346221923828,9.891579627990723
1748,14.75550365447998,13.017698287963867
1749,11.944486618041992,8.703367233276367
1750,26.84004783630371,25.92989158630371
1751,20.226573944091797,13.213275909423828
1752,18.707792282104492,9.851727485656738
1753,10.08430290222168,6.705799102783203
1754,39.68437576293945,34.75188064575195
1755,12.91007137298584,12.846992492675781
1756,21.93196678161621,20.84090232849121
1757,13.502874374389648,12.734724044799805
1758,15.311727523803711,14.263052940368652
1759,35.0627326965332,39.741127014160156
1760,19.29312515258789,17.570592880249023
1761,19.07379722595215,15.965791702270508
1762,25.573232650756836,19.623807907104492
1763,18.24135971069336,18.883941650390625
1764,22.369447708129883,17.44720458984375
1765,12.194254875183105,13.269757270812988
1766,23.821680068969727,22.89278221130371
1767,11.97107219696045,10.496455192565918
1768,9.96795654296875,7.774205684661865
1769,7.331284046173096,7.582158088684082
1770,7.619109630584717,8.714311599731445
1771,9.218789100646973,8.402793884277344
1772,37.71097946166992,31.05242156982422
1773,13.490674018859863,11.603984832763672
1774,5.9723734855651855,5.105487823486328
1775,9.458708763122559,5.153435707092285
1776,26.341209411621094,24.940250396728516
1777,22.063385009765625,15.05483341217041
1778,24.721271514892578,24.362947463989258
1779,37.17417907714844,33.94819259643555
1780,23.49262237548828,21.942399978637695
1781,28.671072006225586,30.69981575012207
1782,30.0965518951416,25.730419158935547
1783,7.484045505523682,3.830345392227173
1784,22.154624938964844,18.10007667541504
1785,22.97266387939453,22.23227310180664
1786,10.9183988571167,8.72998046875
1787,17.68505859375,19.922243118286133
1788,9.60046672821045,7.093468189239502
1789,7.457502841949463,8.233518600463867
1790,19.76523208618164,16.228174209594727
1791,8.282530784606934,7.510745525360107
1792,6.741662502288818,9.132285118103027
1793,12.338973999023438,13.429396629333496
1794,17.975292205810547,17.159610748291016
1795,5.8452839851379395,5.254004001617432
1796,6.846803665161133,5.834892272949219
1797,11.635810852050781,11.483979225158691
1798,25.771326065063477,33.358036041259766
1799,16.71773338317871,19.354928970336914
1800,8.649748802185059,6.850870132446289
1801,21.972909927368164,25.918033599853516
1802,13.459687232971191,10.762914657592773
1803,11.106550216674805,10.752370834350586
1804,23.540939331054688,19.644304275512695
1805,21.90287971496582,20.87958335876465
1806,18.644052505493164,17.21208953857422
1807,43.42738342285156,36.22658157348633
1808,9.353194236755371,9.924187660217285
1809,16.027883529663086,16.222261428833008
1810,23.889488220214844,18.70921516418457
1811,35.66006088256836,27.459997177124023
1812,12.16882610321045,10.847770690917969
1813,10.018532752990723,7.605557441711426
1814,14.771790504455566,14.335941314697266
1815,10.713603973388672,11.208276748657227
1816,47.62765121459961,42.14015579223633
1817,36.991233825683594,34.50480270385742
1818,10.890508651733398,9.373299598693848
1819,13.204358100891113,12.037798881530762
1820,7.011610984802246,4.677389621734619
1821,11.691818237304688,11.593782424926758
1822,29.48560905456543,23.769655227661133
1823,5.060375213623047,4.994989395141602
1824,11.495267868041992,13.664676666259766
1825,27.723968505859375,21.495309829711914
1826,5.994077205657959,20.050077438354492
1827,16.7677001953125,15.698403358459473
1828,15.505084037780762,12.506694793701172
1829,33.10136413574219,33.498268127441406
1830,19.89873695373535,15.043689727783203
1831,11.699296951293945,9.642805099487305
1832,16.740331649780273,13.760157585144043
1833,7.23123836517334,6.67967414855957
1834,10.917203903198242,8.485857009887695
1835,15.91305160522461,14.887016296386719
1836,9.62355899810791,8.204150199890137
1837,34.508541107177734,24.692020416259766
1838,9.908027648925781,7.216683387756348
1839,29.380075454711914,26.55536460876465
1840,5.533107757568359,6.0840983390808105
1841,32.16095733642578,29.20827293395996
1842,43.66181564331055,5.8180131912231445
1843,7.545253753662109,6.329164028167725
1844,11.55005168914795,10.741665840148926
1845,14.753239631652832,12.2014799118042
1846,22.342256546020508,19.414533615112305
1847,21.550033569335938,26.047222137451172
1848,25.282636642456055,26.993370056152344
1849,13.349143981933594,8.44243049621582
1850,28.51151466369629,23.682710647583008
1851,30.421857833862305,28.412353515625
1852,18.073163986206055,16.946529388427734
1853,15.673144340515137,10.788931846618652
1854,11.283493041992188,8.462100982666016
1855,16.38604164123535,14.042957305908203
1856,16.21620750427246,15.453619003295898
1857,22.49809455871582,22.703046798706055
1858,12.553574562072754,9.990764617919922
1859,18.75339126586914,17.633920669555664
1860,37.58704376220703,42.02488327026367
1861,14.595603942871094,12.882699966430664
1862,29.955047607421875,30.77404022216797
1863,23.50767707824707,21.247835159301758
1864,19.411314010620117,16.654338836669922
1865,14.341826438903809,9.9886474609375
1866,16.077831268310547,17.999431610107422
1867,10.391779899597168,6.284977436065674
1868,30.343717575073242,30.261789321899414
1869,8.229156494140625,9.577040672302246
1870,32.637454986572266,27.64006996154785
1871,21.375654220581055,14.96073055267334
1872,20.240137100219727,23.76572036743164
1873,36.130210876464844,33.5389404296875
1874,7.145626544952393,8.575603485107422
1875,16.788259506225586,17.218482971191406
1876,39.24237060546875,34.39034652709961
1877,6.991912841796875,6.636865615844727
1878,5.368370532989502,5.652504920959473
1879,16.406431198120117,7.184239387512207
1880,36.9306526184082,31.91789436340332
1881,6.273530006408691,7.61845064163208
1882,27.781780242919922,28.765920639038086
1883,9.177511215209961,8.927071571350098
1884,16.94342041015625,17.84869384765625
1885,8.695120811462402,7.761075973510742
1886,7.54062557220459,8.907604217529297
1887,8.297497749328613,5.117776393890381
1888,22.00078773498535,19.347352981567383
1889,7.371563911437988,6.0897603034973145
1890,16.171829223632812,14.714038848876953
1891,31.543075561523438,24.625627517700195
1892,22.49891471862793,20.855243682861328
1893,31.880455017089844,32.922603607177734
1894,14.488279342651367,12.802192687988281
1895,13.138764381408691,12.332417488098145
1896,8.315887451171875,7.439650058746338
1897,15.94861125946045,14.255341529846191
1898,27.31618881225586,22.36083221435547
1899,24.123323440551758,22.62090492248535
1900,6.281333923339844,6.241637229919434
1901,11.529122352600098,13.498251914978027
1902,25.288042068481445,20.775562286376953
1903,15.207748413085938,10.304130554199219
1904,23.61964225769043,24.27781105041504
1905,14.286758422851562,12.317267417907715
1906,18.06479835510254,16.983129501342773
1907,11.128525733947754,9.986534118652344
1908,10.738945007324219,8.37302303314209
1909,7.718442916870117,7.157033443450928
1910,7.220491886138916,7.118940830230713
1911,4.500001430511475,7.643671035766602
1912,20.44936180114746,17.88298797607422
1913,14.88381576538086,12.09951400756836
1914,7.773897647857666,9.553354263305664
1915,18.218017578125,15.853452682495117
1916,41.1672477722168,40.95137405395508
1917,20.65838050842285,17.100557327270508
1918,30.6182804107666,22.278955459594727
1919,12.56125545501709,12.875641822814941
1920,9.716111183166504,8.927660942077637
1921,12.738385200500488,9.871147155761719
1922,21.845439910888672,16.807634353637695
1923,29.221988677978516,30.336854934692383
1924,9.256030082702637,7.342509746551514
1925,11.832592010498047,8.077205657958984
1926,12.727388381958008,11.476910591125488
1927,9.430840492248535,11.747916221618652
1928,35.52211380004883,34.33934020996094
1929,24.36273765563965,25.13039779663086
1930,19.68940544128418,19.63802146911621
1931,17.15227699279785,16.609758377075195
1932,15.602946281433105,12.260411262512207
1933,11.003923416137695,9.007953643798828
1934,11.699698448181152,9.99326229095459
1935,26.490232467651367,19.355714797973633
1936,4.747456073760986,6.068793773651123
1937,27.863780975341797,22.538049697875977
1938,4.879924297332764,6.895862579345703
1939,15.387173652648926,11.764859199523926
1940,14.144891738891602,10.77010440826416
1941,13.459050178527832,8.789356231689453
1942,6.995123386383057,6.4886674880981445
1943,38.47678756713867,37.53078079223633
1944,8.076530456542969,5.815762519836426
1945,25.195701599121094,24.928560256958008
1946,27.171842575073242,23.614059448242188
1947,17.053325653076172,19.188072204589844
1948,23.304574966430664,16.387252807617188
1949,11.560150146484375,5.4282660484313965
1950,4.868124961853027,4.545092582702637
1951,25.14072608947754,30.64482307434082
1952,7.8721604347229,7.593532562255859
1953,5.819128513336182,3.8044047355651855
1954,10.406776428222656,10.198567390441895
1955,18.793010711669922,17.133777618408203
1956,17.30422592163086,16.81002426147461
1957,13.638538360595703,13.619451522827148
1958,8.005424499511719,8.298663139343262
1959,31.598039627075195,29.389841079711914
1960,9.87800121307373,8.12522029876709
1961,21.091981887817383,21.44072151184082
1962,9.791671752929688,9.692787170410156
1963,20.574777603149414,13.684383392333984
1964,4.853782653808594,12.628843307495117
1965,10.818398475646973,7.506468296051025
1966,40.358909606933594,41.654815673828125
1967,18.212074279785156,14.188618659973145
1968,6.0754475593566895,4.831638813018799
1969,5.440632343292236,6.225050449371338
1970,4.894496440887451,6.16538143157959
1971,10.376587867736816,11.417531967163086
1972,11.193861961364746,8.701847076416016
1973,16.71462059020996,14.842729568481445
1974,20.506999969482422,18.644250869750977
1975,9.516719818115234,9.234251022338867
1976,7.142847537994385,8.442254066467285
1977,46.60041046142578,42.510292053222656
1978,7.752887725830078,7.647722244262695
1979,11.223336219787598,10.553297996520996
1980,19.59796714782715,21.529237747192383
1981,10.455519676208496,3.5026094913482666
1982,15.550782203674316,13.337532043457031
1983,13.119114875793457,13.622174263000488
1984,21.179790496826172,20.738252639770508
1985,15.410049438476562,14.009288787841797
1986,19.81110382080078,16.555906295776367
1987,11.220046043395996,10.111971855163574
1988,15.788788795471191,15.272796630859375
1989,26.275270462036133,26.45834732055664
1990,10.135108947753906,6.246363639831543
1991,4.626378059387207,4.868155479431152
1992,10.93820571899414,8.613842964172363
1993,22.70895767211914,21.0473575592041
1994,7.713727951049805,7.748363494873047
1995,15.484047889709473,15.275407791137695
1996,59.18419647216797,42.64371109008789
1997,19.08591079711914,15.972886085510254
1998,28.257062911987305,25.856233596801758
1999,13.882594108581543,11.098307609558105
2000,29.217113494873047,25.663070678710938
2001,6.579197406768799,4.528635025024414
2002,14.989653587341309,15.360651016235352
2003,16.855918884277344,14.622905731201172
2004,19.534406661987305,18.910768508911133
2005,18.478046417236328,17.649383544921875
2006,45.23648452758789,36.82017517089844
2007,34.19902801513672,29.859529495239258
2008,35.06184005737305,34.6489372253418
2009,13.979618072509766,16.542226791381836
2010,7.911446571350098,6.280331134796143
2011,20.342092514038086,17.83648109436035
2012,33.70698547363281,33.03207778930664
2013,31.65688705444336,36.77873611450195
2014,30.884204864501953,9.801210403442383
2015,47.55891799926758,29.831209182739258
2016,33.177978515625,29.485570907592773
2017,12.53913688659668,13.7172212600708
2018,54.462886810302734,41.81847381591797
2019,41.27390670776367,34.19892120361328
2020,7.7743048667907715,8.145695686340332
2021,34.21017074584961,29.406402587890625
2022,5.109417915344238,5.869927883148193
2023,16.33040428161621,14.74673080444336
2024,10.749661445617676,8.479386329650879
2025,13.598586082458496,12.928414344787598
2026,7.82817268371582,5.758681774139404
2027,36.39537048339844,39.2956428527832
2028,9.42553424835205,9.91572380065918
2029,29.144968032836914,25.94723129272461
2030,32.666839599609375,32.20063018798828
2031,22.420917510986328,18.497604370117188
2032,20.999324798583984,17.889080047607422
2033,32.88660430908203,33.102996826171875
2034,25.629568099975586,21.208833694458008
2035,16.686206817626953,15.968618392944336
2036,13.039942741394043,11.414655685424805
2037,9.723016738891602,9.028084754943848
2038,7.122210502624512,5.287291049957275
2039,5.0563249588012695,6.530442714691162
2040,16.355615615844727,12.761458396911621
2041,10.716323852539062,10.240581512451172
2042,14.955150604248047,13.617640495300293
2043,29.844390869140625,28.712343215942383
2044,16.597755432128906,12.807849884033203
2045,8.661081314086914,7.676620006561279
2046,7.687375545501709,7.77241849899292
2047,22.11608123779297,23.310443878173828
2048,47.95269775390625,34.186885833740234
2049,14.789888381958008,14.666121482849121
