,test_loss_dino,test_loss_yolo,train_loss_dino,train_loss_yolo
0,16.781075716018677,17.914574146270752,17.31259077245539,17.254588358330004
1,15.457139372825623,17.007245779037476,15.716786846970066,16.396545496853914
2,14.142176747322083,15.809401273727417,14.062616377165824,14.370213342435433
3,12.933372259140015,14.589717984199524,12.272135040976785,13.473945444280451
4,11.602001070976257,13.535141110420227,10.869913187893955,11.51032304763794
5,10.618477582931519,12.149738430976868,9.75617755543102,10.420938116131406
6,9.843515276908875,10.837182521820068,8.501114830826268,9.094088019746723
7,8.827150464057922,8.321825087070465,7.237143198649089,7.70369578852798
8,7.279142916202545,7.955115556716919,5.843996524810791,6.730373404242775
9,6.736397743225098,6.3682350516319275,4.9015164808793505,5.901873429616292
10,4.953148543834686,6.433219909667969,4.113400105274085,5.5095039714466445
11,4.562118768692017,5.777465045452118,3.516893502437707,4.810845909696637
12,3.9326715767383575,5.601452350616455,3.158469655297019,4.481390779668635
13,3.5180293023586273,5.400122165679932,2.9756590922673545,4.1064999248042255
14,3.3796305060386658,5.211841702461243,3.0996819590077256,4.165344122684363
15,4.04906553030014,4.3936654925346375,2.7107406890753545,4.116971890131633
16,4.913575112819672,4.619244158267975,2.6581134290406196,3.864470604694251
17,4.207106739282608,4.918812334537506,2.4699042818763037,3.9569577809536094
18,3.593810796737671,4.410166382789612,2.6898027044354063,3.6270106561256177
19,3.7980620861053467,4.038843214511871,2.4060262658379297,3.985136855732311
20,3.3447172939777374,4.5301119685173035,2.60698182293863,3.8001136924281265
21,4.3124359250068665,3.8291672468185425,2.2999723607843574,3.9391092531608813
22,3.8396582901477814,4.386204957962036,2.270920666781339,3.6998812140840474
23,3.0735641717910767,4.022222936153412,2.517988670956005,3.7430265455534966
24,3.5395588874816895,3.886327177286148,2.4587367339567705,3.689149350831003
25,3.118118941783905,4.622775912284851,2.439087495659337,3.50958632700371
26,3.0200800597667694,4.577594459056854,2.705987623243621,3.6917233250357886
27,3.0989484190940857,4.08030691742897,2.4947224566430757,3.591645847667347
28,2.890702247619629,3.7279815077781677,2.798900828217015,3.7339261661876333
29,2.6172453463077545,4.119304567575455,2.6126572905164775,3.446688847108321
30,3.634043127298355,4.885788142681122,2.235701420090415,3.590677868236195
31,3.417064070701599,4.4319053292274475,2.3258439591436675,3.5387135274482495
32,3.3932555615901947,4.034166485071182,2.1577200492223105,3.3714175441048364
33,3.7149977684020996,3.8593008518218994,2.1526571837338535,3.5125907984646885
34,2.8495313823223114,3.935887932777405,2.4518957029689443,3.6320318525487725
35,3.4298752546310425,4.558391332626343,2.0932166251269253,3.568954850688125
36,3.5092220306396484,3.9202900826931,2.259200338161353,3.5318465955329663
37,4.707720041275024,4.11406272649765,2.30579124436234,3.3834308638717188
38,3.1768515706062317,4.451126605272293,2.1908063021573154,3.462513461257472
39,3.294739454984665,3.9145760238170624,2.1424537897109985,3.5935858885447183
40,2.798001527786255,3.666472017765045,2.393992792476307,3.6337708993391558
41,3.0498139560222626,4.626020073890686,2.154605934114167,3.3955556190375127
42,3.94588702917099,3.8277168571949005,2.2758172353108725,3.606604395490704
43,3.179270714521408,3.8107632398605347,2.321008476344022,3.2612634933356084
44,4.025001347064972,4.627452373504639,1.9506296425154714,3.7745478442220977
45,4.439532816410065,4.345614314079285,2.3134809082204644,3.325879566597216
46,3.4712573289871216,3.880674570798874,1.994366472417658,3.636252887321241
47,2.784449487924576,3.883070707321167,2.27331614855564,3.4484815019549746
48,2.5106418132781982,4.250114262104034,2.41034197807312,3.3942952661803276
49,3.3497299253940582,3.8163716197013855,2.130083174416513,3.3995390660835034
50,2.8319819271564484,3.4541549682617188,2.2910092743960293,3.619313297849713
51,2.361916735768318,4.115795522928238,2.5383231098001655,3.2145243485768638
52,3.80360546708107,4.363203763961792,2.3056830276142466,3.3229232267899946
53,2.7286075949668884,3.9313220381736755,2.2835076613859697,3.4187274340427285
54,2.5615779161453247,4.055770307779312,2.330966010238185,3.213426207051133
55,4.052248865365982,4.457883358001709,2.289072954293453,3.4049311912421025
56,2.947301834821701,4.00898814201355,2.2392607927322388,3.479296164079146
57,3.1576007604599,3.603426545858383,1.9745499076265278,3.2821784019470215
58,3.953442245721817,4.422540664672852,2.2775837724859063,3.333502675547744
59,3.9191469848155975,3.8704349994659424,2.1328866879145303,3.3785994775367505
60,3.0451120734214783,4.29523092508316,2.085349718729655,3.5442979263536856
61,2.838356673717499,3.6917640566825867,2.3235092704946343,3.5430944977384624
62,3.306703418493271,3.4938554763793945,2.2266879117850102,3.438754919803504
63,3.3368203043937683,4.13495334982872,2.141090822942329,3.146825884327744
64,2.824084132909775,3.3947651982307434,2.2885141517176772,3.6906466195077607
65,3.765592783689499,3.8140983283519745,2.298384110132853,3.5362869248245703
66,2.7041880190372467,3.783143401145935,2.321113680348252,3.424383105653705
67,3.1439132392406464,3.550083637237549,2.3221549482056587,3.447062961982958
68,2.428462505340576,3.3916580080986023,2.4072941144307456,3.461637034560695
69,3.661361038684845,4.582107484340668,2.1789210095550073,3.4405089436155376
70,3.4910129010677338,3.8955880105495453,2.142078327410149,3.2700388431549072
71,2.2824410051107407,3.606397658586502,2.4148904518647627,3.3972959951920942
72,2.580969661474228,3.8115600645542145,2.1979718280561045,3.3614792751543447
73,2.8201207518577576,3.6481854617595673,2.0891889839461357,3.5259828278512666
74,3.8261356949806213,3.429729253053665,2.315175345449737,3.3953646168564307
75,2.3709232211112976,3.7441781163215637,2.3484733718814272,3.3334422833991773
76,3.1572867333889008,3.8553032875061035,2.14920668890982,3.1669587655500933
77,2.410740450024605,4.090601235628128,2.3323501348495483,3.2031192129308526
78,2.6298169791698456,3.8895048201084137,2.3548226645498564,3.225316726800167
79,2.69119930267334,3.4612367153167725,2.2433632503856313,3.5046975395896216
80,2.4997928738594055,3.9699020087718964,2.330710519443859,3.1310985232844497
81,3.6159720718860626,3.801904559135437,2.3530082847132827,3.3755254528739234
82,2.393756002187729,4.052347481250763,2.471027414004008,3.4147038243033667
83,2.305470734834671,3.6136242747306824,2.5235241001302544,3.4491723306251294
84,3.3625560998916626,3.5314187705516815,2.170924855001045,3.4784754117329917
85,2.625663638114929,3.8188555538654327,2.3322927084836094,3.396773504488396
86,2.420318439602852,3.56837460398674,2.282702594092398,3.337887019822092
87,2.5873770713806152,3.4964112639427185,2.142986944227508,3.2148467844182793
88,3.313287168741226,3.807189643383026,1.9344941269267688,3.2282291036663633
89,2.747847229242325,3.3448759615421295,2.3251668034177837,3.428217822855169
90,2.6826657950878143,3.9673295319080353,2.1126683300191704,3.170875245874578
91,3.1885740160942078,3.8489650189876556,2.032694216930505,3.440234848947236
92,3.072053164243698,3.4923327267169952,2.172712409135067,3.534111723755345
93,2.7311673164367676,3.3158160150051117,2.1372989813486734,3.4818097027865322
94,2.3122588545084,3.4677525460720062,2.3554255384387393,3.4419158588756216
95,2.86157763004303,3.640653520822525,2.2475848559177285,3.4714207071246523
96,3.680578738451004,3.9391507506370544,2.4933185360648413,3.167731689684319
97,3.5957242846488953,3.741056054830551,2.432189464569092,3.379386699560917
98,2.723569333553314,3.978061228990555,2.1576344352779966,3.3212020035946006
99,3.20281183719635,3.5772663950920105,2.39659029787237,3.196902376232725
100,2.3497245758771896,4.025868445634842,2.252798824599295,3.040737383293383
101,3.2011909186840057,3.8883946537971497,2.1027116053032153,3.3122373999971333
102,3.090725392103195,3.401017904281616,2.077010324507049,3.497739163312045
103,2.259894773364067,3.71163809299469,2.378575072144017,3.2179759776953496
104,2.50562185049057,3.4629951417446136,2.3086206262761895,3.3782643404873935
105,3.276590585708618,3.582296848297119,2.064865823948022,3.5895185615077163
106,3.3862816989421844,3.7770539820194244,1.9834501634944568,3.250771139607285
107,3.0144700407981873,3.4905146658420563,2.1434394771402534,3.3259609323559385
108,2.8770862817764282,4.056218355894089,2.0615271510499897,3.196924216819532
109,3.051734358072281,3.36289244890213,2.157126105192936,3.5069492224491006
110,2.5022528916597366,4.033372640609741,2.3492600520451865,3.252536354642926
111,2.551953136920929,3.91567462682724,2.0230165575489854,3.124061194333163
112,2.3525399267673492,3.4033707976341248,2.2497226505568535,3.2282286123795942
113,2.4819085896015167,3.259608417749405,2.2831501093777744,3.39244987747886
114,2.256697192788124,3.541103571653366,2.3401206009315723,3.1581250393029414
115,2.7767763435840607,3.642132669687271,2.18506362582698,3.126615213625359
116,2.5216104388237,3.3009219765663147,2.3476462653188994,3.1494039044235693
117,2.6605666875839233,3.5008601248264313,2.253050764401754,3.3107217008417305
118,2.3563660383224487,3.788697898387909,2.2142631032250146,3.1696485606106846
119,2.3159001022577286,3.424897253513336,2.2024092854875508,3.310305198033651
120,2.7684608101844788,3.633682817220688,2.089432622447158,3.27938149914597
121,2.3760324716567993,3.9463970065116882,2.212125778198242,3.476889718662609
122,2.143684461712837,3.3152416944503784,2.428192275943178,3.421961054657445
123,2.1985647082328796,3.6437340676784515,2.3248757051699087,3.244239987749042
124,2.352934330701828,3.4539997279644012,2.183431560342962,3.200886177294182
125,2.8713778853416443,3.6750333309173584,2.2305587313391944,3.0428210677522602
126,2.4313888996839523,3.583292454481125,2.3044110789443506,3.2002188762029014
127,2.690436214208603,4.335967600345612,1.8879486394651008,3.2581405639648438
128,2.094638913869858,3.220220923423767,2.430206020673116,3.4649536898641875
129,3.0369037985801697,3.387635201215744,2.002365473544959,3.1864638220180166
130,2.318894177675247,3.8355100452899933,2.2673763000603877,2.9847900506221885
131,2.3976737707853317,3.3368852138519287,2.327960404482755,3.3022250912406226
132,2.6832358837127686,3.603206157684326,2.26376804077264,3.157165592366999
133,2.6805217564105988,3.324138581752777,2.1728411371057685,3.290803569735903
134,2.7014221847057343,3.117455869913101,2.2523716363039883,3.333478725317753
135,2.549227297306061,3.307108998298645,2.166276985948736,3.2802758578098183
136,2.10693296790123,3.3149050772190094,2.508299065358711,3.459810722957958
137,3.208155483007431,3.27187842130661,2.2459216912587485,3.4303921352733266
138,2.2349311858415604,3.228393644094467,2.2931884816198638,3.4480843327262183
139,2.6864221394062042,3.4582704305648804,2.1543345920967334,3.2176263404615
140,2.354604408144951,3.7085739076137543,2.259269006324537,3.295736970323505
141,3.256759911775589,3.8172411620616913,2.207089651714672,3.2563013741464326
142,2.202047646045685,3.4094614684581757,2.1098318497339883,3.345292987245502
143,2.1767044216394424,3.3431940376758575,2.3326202450376567,3.1264851165540293
144,2.27815842628479,3.3969081342220306,2.146096298188874,3.322484182588982
145,2.9355432391166687,3.6036830246448517,1.9050390575871323,3.1130623961939956
146,2.3114385157823563,3.31881383061409,2.3026584350701533,3.236495711586692
147,2.697983741760254,3.2980707585811615,2.0231331225597495,3.021832191582882
148,2.4889354705810547,4.0564537942409515,2.065241463256605,2.9934807401714902
149,2.9362818896770477,3.1999387443065643,1.960075967239611,3.234242728262237
150,3.4890361428260803,3.7695891857147217,2.395587960879008,2.9916701822569878
151,2.9939123690128326,3.507620394229889,2.0396287766369907,3.1329950852827593
152,1.9806568026542664,3.3354394733905792,2.4929469534845063,3.284732854727543
153,2.9785220623016357,3.2389610707759857,2.029019352161523,3.1913056879332573
154,2.6978195011615753,3.1711597442626953,2.123545639442675,3.5083132151401406
155,2.615160435438156,3.7561363577842712,2.223860075979522,3.6741595196001455
156,2.234360486268997,3.1449942588806152,2.004093643390771,3.510011492353497
157,2.547835648059845,3.1318086087703705,2.1515582185803037,3.023885423486883
158,1.996652975678444,3.94754558801651,2.277190403504805,3.170792984239983
159,2.111765533685684,3.2993536293506622,2.5002198508291533,3.0388061422290225
160,2.128132000565529,3.24281707406044,2.3316639336672695,3.1839400854977695
161,2.4628418534994125,3.8871441781520844,2.2341525410160874,3.0711737618301855
162,3.506316900253296,3.139381170272827,2.1538011594252153,3.184047973517216
163,3.0482858419418335,3.326486110687256,2.050072380990693,3.302340991569288
164,2.51076602935791,3.3350619971752167,2.096995064706513,3.0490969816843667
165,2.6889871656894684,3.4475221931934357,2.3816105633070976,3.1373757954799766
166,2.430920049548149,3.1586738228797913,2.2016759316126504,3.4067890788569595
167,2.391646772623062,3.236499547958374,2.1616112571774106,3.4541758046005713
168,2.2848035246133804,3.648983269929886,2.282482804674091,3.040415568785234
169,2.164860963821411,3.105716347694397,2.2627558816563,3.273936148845788
170,2.296077385544777,3.1546901166439056,2.2886275739380806,3.230385086753152
171,2.023708149790764,3.3159911930561066,2.2195223822738184,3.2361619978240044
172,2.287726804614067,3.2190793454647064,2.193251772360368,3.232576204068733
173,2.3874742686748505,3.122739166021347,2.2397700620420053,3.162266066580108
174,2.8013475835323334,3.6460825502872467,1.9642843116413464,3.311166698282415
175,2.6289875209331512,3.590071827173233,2.0738497791868267,3.117542938752608
176,2.3369589000940323,3.6776396930217743,2.1644279956817627,3.0222561576149682
177,2.3705912679433823,3.2080748081207275,2.1017587365526142,3.3526719555710303
178,2.240356057882309,3.0970663130283356,2.2011184909126977,3.114818558548436
179,2.1437701731920242,3.4073683619499207,2.6079999858682807,3.1918471943248403
180,2.0419639348983765,3.454432040452957,2.2755323178840405,3.1103810686053652
181,2.224415361881256,3.4416110813617706,2.1536941528320312,3.1969826221466064
182,3.6519779562950134,3.557122230529785,2.7652843793233237,3.173545924100009
183,2.3759253919124603,3.5379638373851776,2.1915814876556396,2.9816956158840293
184,2.9048793017864227,3.211689591407776,1.9523898110245212,3.100587909871882
185,2.6567313969135284,3.4615394175052643,2.0419178767637773,3.127608299255371
186,2.1201419085264206,3.4895514249801636,2.1502257693897593,3.2163319804451684
187,3.0596040785312653,3.6987641751766205,2.080951463092457,3.020104321566495
188,2.217894732952118,3.140419453382492,2.273884643207897,3.241458647178881
189,2.6011412143707275,3.1505081057548523,2.0287314942388823,3.250090476238366
190,3.165073961019516,3.157345324754715,2.051542928724578,3.3809736714218603
191,2.9428598284721375,3.5735160410404205,2.1479834823897392,3.134193788875233
192,2.322238951921463,3.656148135662079,2.0643284609823516,3.0829711610620674
193,2.0638892501592636,3.3564768731594086,2.2292097662434434,3.2718670801682905
194,3.0122264623641968,3.1670416593551636,2.085941838495659,3.238193027900927
195,2.9431414008140564,3.5313883423805237,1.9069515900178389,3.1650277267802847
196,3.1656548380851746,4.011090964078903,2.1740522131775366,3.36522473710956
197,2.0107695758342743,3.1421407759189606,2.378633257114526,3.3250755830244585
198,1.951894387602806,3.201954811811447,2.302203731103377,3.226793014641964
199,2.409639060497284,3.1992590129375458,2.05970248670289,3.067381237492417
200,2.7309023439884186,3.760929435491562,2.1905968405983667,3.055579322757143
201,2.383762449026108,3.279467433691025,2.165713415001378,3.282030387358232
202,2.3959505409002304,3.1338016390800476,2.1181841149474634,3.2039257685343423
203,2.612189382314682,3.4024746119976044,2.03220551664179,3.1059904315254907
204,2.8713722825050354,3.551324814558029,2.0782717285734233,3.1118375677050967
205,2.0293691903352737,3.388014703989029,2.437213771270983,3.1194974184036255
206,2.0573467910289764,3.350442349910736,2.346560405962395,3.200062520576246
207,2.2101950496435165,3.8528648912906647,2.2584265326008652,3.6003853407773105
208,2.87386691570282,3.5011240243911743,1.9178887714039197,3.1613752552957246
209,2.213552862405777,3.4846540987491608,2.0322302977244058,3.270747343699137
210,2.139017254114151,3.262928545475006,2.1695493640321675,3.1481371648383862
211,2.097344323992729,3.8749234080314636,2.1676051580544673,3.5751083836410986
212,2.0866549760103226,3.2073500752449036,2.4198473186203926,3.3436000130393286
213,2.0700949877500534,3.4158592224121094,2.244273966008967,3.0307216427542945
214,2.4342999160289764,3.2230547070503235,1.9769357478979863,3.0944272821599785
215,2.17241732776165,3.3396127820014954,2.360115697889617,2.9098042213555537
216,2.1068437099456787,3.096823662519455,2.397892410104925,3.2674002358407686
217,2.1407884061336517,3.316674053668976,2.316998698494651,3.0013423399491743
218,2.491821050643921,3.047957271337509,2.041279016119061,3.428756908936934
219,2.1516145169734955,3.377232998609543,2.3163193608775283,3.1966323563546846
220,2.0709819942712784,3.6179317235946655,2.332271449493639,2.952098138404615
221,3.1773818731307983,3.0930281579494476,2.009835022868532,3.388157519427213
222,2.0531453490257263,3.235500603914261,2.3419833327784683,3.131648128682917
223,3.250159442424774,3.273176223039627,2.1372649922515405,3.3305954066189853
224,2.1538515985012054,3.2357172667980194,2.0934194362524785,3.0539149154316294
225,2.541525214910507,3.250170648097992,2.1502826791821104,3.175132585294319
226,1.9460386782884598,3.359612762928009,2.3084542895808364,3.067702358419245
227,2.0773164480924606,3.0941587388515472,2.293170853094621,3.1190356196779194
228,2.6304022073745728,3.2360293567180634,1.944578727086385,3.173818978396329
229,2.5007523894309998,3.4633378982543945,1.897598866260413,2.909605777624882
230,2.013383209705353,3.76825875043869,2.265751007831458,3.315117987719449
231,2.9506731629371643,3.234264314174652,2.0894292231762046,3.2713505282546533
232,2.017051473259926,3.420385479927063,2.3217985268795127,3.0570002685893667
233,2.160280764102936,3.3887621760368347,2.27890804680911,2.9589834863489326
234,2.5738905668258667,3.6070424616336823,2.048004652514602,3.1023275129722827
235,2.407443195581436,3.1099731028079987,2.2694744738665493,3.257318113789414
236,2.6027418076992035,3.133158653974533,2.1379314408157812,3.2723468867215244
237,2.0396736562252045,3.2427960336208344,2.0718566829508003,3.17634840445085
238,2.153912290930748,3.138826221227646,2.085844787684354,3.3506901914423164
239,2.396313577890396,3.201864242553711,2.0014803590196553,3.2116379232117622
240,1.974159836769104,3.761273205280304,2.234332572330128,3.0394880988381128
241,2.044514447450638,3.2519571781158447,2.3098202654809663,3.290911074840661
242,2.074577122926712,3.334447830915451,2.2019871870676675,3.134725039655512
243,2.9602313339710236,3.344452887773514,2.203938946579442,3.161207964926055
244,2.9128485321998596,3.586723119020462,2.0489722165194424,2.995690042322332
245,2.4267980456352234,3.523020178079605,1.915655862201344,3.010482022256562
246,2.7339751720428467,3.2383284270763397,1.9400674971667202,3.045401775475704
247,3.2266368567943573,3.137936592102051,2.5648666873122705,3.240529320456765
248,3.206214815378189,3.3587112426757812,1.978763713981166,3.1168814861413203
249,2.008956640958786,3.0508639216423035,2.201847600214409,3.231021938901959
250,1.9684909284114838,3.790377825498581,2.305181051745559,3.2441847757859663
251,2.3994812965393066,3.0768137872219086,1.9915028882749153,3.3720931645595664
252,3.230449080467224,3.2165620028972626,2.0368807388074472,3.1769193158005224
253,2.423882305622101,3.0998598635196686,2.086581165140325,3.025873465971513
254,2.24422487616539,3.111150413751602,2.219451474420952,3.3798879782358804
255,2.4469079971313477,3.8364786505699158,1.9533622806722468,2.9698666659268467
256,2.8280219435691833,3.1813078820705414,2.0142958706075493,3.3472681045532227
257,2.94411101937294,3.163155347108841,1.9510807846531724,3.0580336903080796
258,2.140611544251442,3.723004698753357,2.1256939895225293,3.4406716679081772
259,2.2927572280168533,3.2336577475070953,2.063805280309735,3.1523128567319927
260,2.2729100435972214,3.3832965195178986,2.2436860113432915,3.097604751586914
261,2.672878712415695,3.8102450370788574,2.186580860253536,2.9475441051251963
262,2.446064129471779,3.4809443652629852,2.094402049527024,3.2684547756657456
263,2.0683433413505554,3.2184323370456696,2.288896538994529,3.1060208262819233
264,3.1424011886119843,3.3618937134742737,2.137820081277327,3.2327782529773135
265,2.853141635656357,3.3397420048713684,1.8961088007146663,3.033536990483602
266,2.434424728155136,3.318756878376007,2.1549245516459146,3.1529418121684682
267,2.8997773826122284,3.1251613199710846,2.1924032586993594,3.1788151914423164
268,2.2859045565128326,3.5861907601356506,2.130288109634862,3.0943598169268984
269,2.3538700491189957,3.294021964073181,2.2117201523347334,3.04011498075543
270,1.9568120241165161,3.1991822719573975,2.1718176278201016,3.1982301365245474
271,2.1552769541740417,3.1376341581344604,2.1231160308375503,3.2781116745688696
272,2.6041305661201477,3.2616005539894104,1.9622816172513096,2.988911975513805
273,2.3680111467838287,3.6064773499965668,1.9728813279758801,3.0538441412376636
274,2.499482572078705,3.447447121143341,1.9026713118408665,2.9913072875051787
275,3.1184732615947723,3.1658025979995728,2.444217981714191,3.0374897754553594
276,2.7315095961093903,3.154164582490921,1.9240034638029155,3.332690387061148
277,3.4071603417396545,3.3767038583755493,2.653176127058087,3.0453853968418008
278,2.8193543553352356,3.0798725485801697,1.8762128533739033,3.1594870523972944
279,2.31758388876915,3.518108069896698,2.343762968525742,3.0454814145059297
280,2.195456564426422,3.6319828927516937,2.2347676609501694,3.365965221867417
281,2.295372352004051,3.66312313079834,2.166639465274233,3.0388039097641455
282,2.675820291042328,3.957770526409149,2.000927636117646,3.293247482993386
283,2.5320881754159927,3.2255548536777496,2.060425245400631,3.133019786892515
284,2.2835550755262375,3.3866181075572968,2.4397874781579683,2.892527081749656
285,2.1289061158895493,3.1866175830364227,2.2176389766461924,3.107133807558002
286,2.1135343760252,3.1990058720111847,2.049322005474206,3.0635615659482553
287,3.0296771228313446,3.4989429116249084,2.2049449465491553,2.878681197310939
288,2.0052008479833603,4.298626631498337,2.142074624697367,3.1099484725431963
289,2.134997084736824,3.493416577577591,2.1846440344145805,2.844068007035689
290,2.431374192237854,3.127591699361801,2.120076800837661,3.1438730557759604
291,2.2411471903324127,3.525320529937744,2.086918729724306,3.002052408276182
292,2.555748999118805,3.4299408197402954,2.045740853656422,3.1207915725130024
293,2.723852962255478,3.543518841266632,1.9936053536155007,2.9804936828035298
294,2.9353158473968506,3.379560351371765,1.8357383265639797,2.935877460421938
295,2.404669314622879,3.1652384102344513,2.113215518720222,3.1174224867965235
296,1.9984578490257263,3.3653572499752045,2.2683433041428076,3.032288811423562
297,1.9974533021450043,3.9245525896549225,2.3936902104002056,3.3520988045316753
298,2.8156031370162964,3.0426553189754486,2.02267346237645,3.1066260771317915
299,2.055900439620018,3.252280354499817,2.1505483786265054,3.0230067498756177
