,test_loss_dino,test_loss_yolo,train_loss_dino,train_loss_yolo,test_loss_dino_box,train_loss_dino_box
0,6.537883509529961,12.293721283806695,21.186427239576975,17.11984994676378,12.962747149997288,19.685174096955194
1,3.3225046820110746,10.966293059455024,4.093086043993632,11.808297793070475,12.200719261169434,12.692946354548136
2,2.963935687806871,8.319150341881645,3.1974876052803465,9.78198706176546,10.795335080888536,11.694458829032051
3,2.8224148246977063,7.553705422083537,2.9472662369410196,7.900447713004218,8.424629894892375,9.524932834837172
4,2.722653137312995,7.23329332669576,2.8198048227363164,7.505143184132046,7.8405041164822045,8.041345748636457
5,2.674101898405287,6.983194017410279,2.7403720332516563,7.199421234925588,7.66818020078871,7.679552439848582
6,2.6465326216485767,6.683063634236654,2.68668162326018,6.923722745312585,7.439830011791653,7.4798971056938175
7,2.6269360264142354,6.406664509243435,2.6530649032857685,6.655396224392785,7.506544865502251,7.370606213145786
8,2.6300334970156354,6.259438859091865,2.6211685472064548,6.412488028738234,7.213204124238756,7.250337953037686
9,2.5939739995532567,6.060862806108263,2.5965861214531794,6.184830261601342,7.254578897688124,7.175474895371331
10,2.573029418786367,5.8029409461551245,2.578842369384236,5.970784942971336,7.151318200429281,7.113956864674886
11,2.5550000217225817,5.642713006337484,2.5642474366558923,5.821898600790235,7.035306670930651,7.0739278488689
12,2.5407548321617974,5.5391426351335316,2.5548645188411077,5.696508706940545,7.003615427017212,7.0056559046109514
13,2.5258390016025967,5.443949365615845,2.5434287865956624,5.595167242156135,6.982707760069105,6.967032350434197
14,2.536446111732059,5.415391821331448,2.526954737967915,5.507910077439414,6.939506186379327,6.92181928952535
15,2.515554149945577,5.7265340487162275,2.5172959920432834,5.418056182728874,6.904009840223524,6.934240139855278
16,2.5120705750253465,5.381643671459622,2.5086985405948425,5.343659055895276,6.872414122687446,6.873733172151778
17,2.5217501163482665,5.188653622733222,2.505086282889048,5.283321464724011,6.911718649334378,6.844552813635932
18,2.494452777173784,5.169849846098158,2.496854031085968,5.223570687903298,6.827869526545206,6.812624123361376
19,2.5052411397298178,5.042019316885207,2.489645293686125,5.176279480589761,6.823877101474338,6.776274645328522
20,2.497329615222083,4.976726942592197,2.487960411442651,5.090669434600406,6.915396520826552,6.751444310612149
21,2.4921053330103557,5.2952695157792835,2.479109763767984,5.040499369303386,6.8253397941589355,6.730565124087864
22,2.477590541044871,4.987543927298652,2.478990439905061,5.059621883763207,6.761793941921658,6.707481596204969
23,2.483329923947652,5.008872095743815,2.473767783906725,4.951518068048689,6.73944591416253,6.69993968407313
24,2.4756492402818466,4.88006018002828,2.466590063108338,4.9815320981873406,6.713085264629788,6.6889719671673245
25,2.536172538333469,4.757743101649814,2.465499910712242,4.856851484378179,6.680042711893718,6.674269470903608
26,2.4833731108241612,4.852388456132677,2.469032206469112,4.8070824258857305,6.656122244728936,6.668298599455092
27,2.478511423534817,4.765814797083537,2.468079791797532,4.791960518227683,6.647782707214356,6.628890554110209
28,2.4852798766560023,4.663735707600911,2.4611682577265634,4.737003532383177,6.623082600699531,6.635601139068603
29,2.4755480726559957,4.822436059845819,2.4521445939938227,4.716278845734067,6.643131102455987,6.581192227204641
30,2.4729142758581375,4.5476032813390095,2.4543084108167226,4.7105870531664955,6.585848628150092,6.596927007039388
31,2.462113935417599,4.536518081029256,2.454999523030387,4.69812904993693,6.596450773874919,6.563112807273865
32,2.480676511923472,5.416039162211948,2.4508561064799625,4.605274850792355,6.558138248655531,6.555126592848036
33,2.478962626722124,4.911270552211338,2.453180953198009,4.663240320152706,6.544425063663059,6.563866413964165
34,2.456227265463935,4.964522939258152,2.4552132811811234,4.702736884355545,6.52636653052436,6.527705454826355
35,2.475217812591129,5.094918015268114,2.448468404346042,4.612981100214852,6.565941460927328,6.536911516719394
36,2.467026878727807,4.439913847711352,2.4457639876339172,4.562353622913361,6.545305124918619,6.549833269913991
37,2.4577428619066874,5.5746159977383085,2.4525384542014863,4.54092754986551,6.51768438021342,6.498747449451023
38,2.468712278207143,5.1724177916844685,2.449217559562789,4.550705498456955,6.532205581665039,6.503606063789792
39,2.4621882928742305,4.333029720518324,2.4454375843207043,4.528791511058808,6.499304580688476,6.492027844323053
40,2.4758788612153797,4.333307631810507,2.4456049369441137,4.573906947506798,6.507459984885322,6.509309086534712
41,2.479748074213664,4.378267733256022,2.4483500639597575,4.456520836883121,6.936558643976848,6.469347400135464
42,2.46824195517434,4.345253435770671,2.4423301729891036,4.500047147936291,6.5613430711958145,6.477850296762255
43,2.4617658032311334,4.366634119881524,2.4384552902645535,4.480601547161738,6.498190964592828,6.459100234508514
44,2.456522544225057,4.687852835655212,2.4405968185928133,4.482905511723624,6.4602845933702255,6.420754130681356
45,2.4614460587501528,4.281355677710639,2.4464413361416923,4.447892243994607,6.448901308907403,6.423094118965997
46,2.451017263200548,4.269254083103604,2.4395465370681553,4.430491815010707,6.515200307634141,6.43120106458664
47,2.464977232615153,4.413328009181552,2.43482433921761,4.38953277402454,6.441775724622938,6.480196975337135
48,2.4514082736439176,4.239832848972744,2.437217594186465,4.339264598819945,6.447494226031833,6.437901751200358
49,2.4955873833762277,4.27572988404168,2.4428962025377485,4.413761415746477,6.43149610625373,6.427180859777662
50,2.4542515436808268,4.210738688045078,2.4329294714662764,4.345202338695526,6.711833816104465,6.4177781648106045
51,2.446130828062693,4.206957835621304,2.42805685169167,4.3656054086155365,6.4399611049228245,6.385634197129144
52,2.4395339727401733,4.1961564461390175,2.4276465528541142,4.347086548142963,6.428201966815525,6.381045357386271
53,2.4395132091310288,4.346776768896315,2.4277330444918737,4.313069053490957,6.414714998669094,6.365394161807166
54,2.445278447204166,4.509893043835958,2.431322452425957,4.3189972877502445,6.694896708594428,6.402093742291132
55,2.4584943532943724,4.642910642094082,2.4289670642879275,4.419715876049466,6.429562049441867,6.358607153097789
56,2.4519959635204738,4.546813339657254,2.4291416462924746,4.292950392431683,6.553820371627808,6.399640537632836
57,2.4464583661821155,4.188391174210443,2.429309277733167,4.300198052989112,6.418229018317328,6.37187449336052
58,2.478864159848955,4.431297776434157,2.4329124907652537,4.273515898651547,6.40383947690328,6.36836292081409
59,2.4548963891135323,4.751000894440545,2.4311310668786366,4.36615848938624,6.508345121807523,6.372997197839949
60,2.4463630159695944,4.20676101313697,2.4281452072991265,4.288585460186004,6.417304256227282,6.35581759346856
61,2.442441968123118,4.156515142652723,2.425612297323015,4.303201885355843,6.452837382422553,6.379584028985765
62,2.451103468736013,4.342608960469564,2.425588299168481,4.259078066878849,6.463410356309679,6.36243254409896
63,2.451961146460639,4.196199748251173,2.4248772468831805,4.370572536521488,6.524878051545885,6.372581075297462
64,2.4506946749157374,4.370480434099833,2.426292064785957,4.262766454617182,6.592800039715237,6.353900110721588
65,2.4400889145003424,4.1763520664638945,2.4242147309912574,4.324245166778565,6.426440032323201,6.376305357615153
66,2.4523506389723884,4.30176690949334,2.427499372760455,4.251435599724451,6.427322191662259,6.367045394579569
67,2.4482122461001077,4.139873512585958,2.4276350448528925,4.298430938190884,6.379893244637383,6.380959134631687
68,2.435997762944963,4.2220880534913805,2.429268607828352,4.293059313959546,6.414427513546414,6.347176351812151
69,2.4518293884065416,4.264750676684909,2.427121487259865,4.243760204977459,6.4324958536359995,6.344197470611996
70,2.451122506459554,4.289765042728848,2.427698149946001,4.3104248371389176,6.39155019124349,6.34393594927258
71,2.4355558435122173,4.151623659663731,2.4224441041549047,4.237249168422487,6.528546036614312,6.349369923273723
72,2.4374193218019276,4.1259515868292915,2.424820830424627,4.245801003111733,6.373401774300469,6.395419218805102
73,2.4458402209811743,4.12560793293847,2.4247489402691524,4.239880214134852,6.386264949374729,6.3238563232951694
74,2.435416735543145,4.158160236146715,2.422696910632981,4.272433199485143,6.379995881186591,6.378299991289775
75,2.4547251303990683,4.116523008876377,2.426779110895263,4.268599165810479,6.404717673195733,6.344672274589539
76,2.439429593086243,4.353247486220466,2.4255652729007933,4.237363569604026,6.616472000545926,6.3382196227709455
77,2.4456422752804228,4.10902672873603,2.4245703011751174,4.213908680942324,6.477736547258165,6.341814086172316
78,2.4379725999302333,4.752977016237047,2.4223636385467318,4.193069079849455,6.367187897364299,6.36044085820516
79,2.4486570133103265,4.20072000556522,2.4186088661352794,4.251381713814205,6.378984742694431,6.335127113925086
80,2.443805476029714,4.117210327254401,2.4233140885829925,4.201241393221749,6.78090164926317,6.326106829113431
81,2.4373380793465507,4.28997417555915,2.4206729412078856,4.197393306758669,6.364631832970513,6.338601434230805
82,2.435342134369744,4.143616877661811,2.4221361653672324,4.264590799808502,6.470510938432482,6.3217194808854
83,2.4427053001191883,4.092977629767524,2.420402949055036,4.261610398027632,6.369198984569973,6.317621574136946
84,2.4413431882858276,4.079993693033854,2.423541217048963,4.1844446029928,6.591620641284519,6.340346072779761
85,2.443557431962755,4.350986462169224,2.420819784535302,4.194582512643602,6.39939595858256,6.35164897441864
86,2.4483442359500462,4.083660697937011,2.4206975426938797,4.2472661654154455,6.650558031929863,6.327321517467499
87,2.4386786434385512,4.37557872666253,2.4225545833508173,4.201610165172153,6.379685216479832,6.340064091152615
88,2.443323904938168,4.14119910399119,2.420783684651057,4.2800957189665905,6.478366062376234,6.320301254590352
89,2.4367679794629415,4.320318444569906,2.4206661568747627,4.181039267778397,6.369617991977268,6.313284338845147
90,2.4590943574905397,4.267648969756232,2.4214290228154924,4.260602504014969,6.419253132078382,6.335482650332981
91,2.4349332239892747,4.076843039194743,2.423803512255351,4.2352331770790945,6.376350360446506,6.340051897366842
92,2.4530953460269505,4.1536673704783125,2.42129236360391,4.210959084828695,6.371460771560669,6.294697414504157
93,2.4402935597631665,4.064326776398553,2.4240884012646147,4.149348298708598,6.5219037161933056,6.341664980517494
94,2.4383090284135607,4.18747763633728,2.4206910656558143,4.180316880014208,6.363453637229072,6.306841328408983
95,2.4637120644251507,4.064509362644619,2.4247867345809935,4.195467857519786,6.365183544158936,6.315782217184703
96,2.438370880815718,4.056407144334581,2.4224638524982662,4.213939993249046,6.37384033203125,6.328929290506575
97,2.43706476688385,4.068840233484904,2.4209174563487372,4.225620641973284,6.377412266201443,6.321916817294227
98,2.445117523935106,4.395715398258633,2.421311678820186,4.147430807352066,6.367825990253024,6.296800952487522
99,2.468905234336853,4.081388494703504,2.41485087606642,4.233353853887982,6.5056098037295875,6.307033403714498
100,2.4349689298205908,4.053718707296583,2.4196858250432545,4.180587761269676,6.394480599297418,6.287190335326724
101,2.451375632815891,4.067955952220493,2.412216369973289,4.153577016459571,6.380383592181736,6.32013469669554
102,2.436748292711046,4.058645420604282,2.4139623022741743,4.134101380904515,6.379173040390015,6.269074710210164
103,2.4411964337031047,4.12450323369768,2.417525155676736,4.100748014450073,6.469130166371664,6.315087872081333
104,2.4352917459275987,4.214230439398023,2.4144672065973283,4.1151392771138084,6.3583378103044295,6.288486381371816
105,2.440968030028873,4.043880613644918,2.412330633070734,4.091854755745993,6.343956973817614,6.284810247686174
106,2.4523046798176233,4.039982546700371,2.414555088016722,4.1882018903891245,6.381036864386664,6.284024522039625
107,2.446832756201426,4.040665215916103,2.4111748142374885,4.146541320615345,6.351706160439385,6.292587333255344
108,2.4411302897665235,4.693265435430739,2.4128744221395917,4.175235882732603,6.340884754392836,6.3012584765752155
109,2.434719412856632,4.145544317033556,2.4135775768094594,4.13843865858184,6.363789516025119,6.293132660124037
110,2.4373941196335687,4.295641170607673,2.4167769385708704,4.172712829377916,6.34294958114624,6.298947887950473
111,2.4337983144654167,4.21139022509257,2.4141584502326117,4.082496232456631,6.350130637486775,6.302950100766288
112,2.432350002394782,4.04262392255995,2.415750699241956,4.170564445522096,6.346418449613783,6.293706050846311
113,2.4359104368421765,4.047208084000482,2.411720523238182,4.124752761258019,6.364741378360325,6.295921141571469
114,2.445061463779873,4.0293492714564,2.4098455452256733,4.104409392674764,6.5329766008589,6.278168247805701
115,2.4350843389828998,4.110312777095371,2.4142760220501156,4.12381655242708,6.342529710133871,6.2863990604877475
116,2.4408782958984374,4.3529070297876995,2.4167602866888047,4.176518768072128,6.343977228800456,6.302178560362922
117,2.435578715801239,4.0710750844743515,2.413117657105128,4.106363442209032,6.342919503317939,6.306031323803795
118,2.4386249317063227,4.027771380212572,2.4132949656910365,4.116185988982519,6.523287847306993,6.298316869470808
119,2.4354419138696457,4.0188831832673815,2.4142339643504886,4.075699206855562,6.382031620873345,6.278255514303843
120,2.4429305367999605,4.058437874582078,2.4127905196613737,4.1681997060775755,6.353582758373684,6.301791877216763
121,2.4541671726438734,4.338277906841702,2.4114465292957092,4.096093705627653,6.3576930310991076,6.28998753229777
122,2.4333126465479533,4.377200871043735,2.4110786103539996,4.108118991719352,6.346566290325589,6.270910522672865
123,2.4404913889037236,4.03580867184533,2.412463084856669,4.100256845686171,6.340316422780355,6.283543186055289
124,2.435430892308553,4.092656315697564,2.412280649609036,4.084643649392658,6.378297228283352,6.259290800491969
125,2.4418632679515415,4.142232052485148,2.4116467512316175,4.12937028143141,6.345750617980957,6.2686796426773075
126,2.4430640472306147,4.209316807323032,2.4130690770016776,4.071592200464672,6.340833436118232,6.291022070911196
127,2.441721337371402,4.357379608684116,2.412778553697798,4.119124064180586,6.35258903503418,6.272602340910169
128,2.429024710920122,4.074662971496582,2.411411844028367,4.087875537077585,6.368590360217624,6.270659418900808
129,2.439761812157101,4.018712404039171,2.4126906477742724,4.1353455907768675,6.416271776623196,6.280541311370002
130,2.438565178712209,4.393546811739603,2.4118354827165605,4.1073390298419525,6.375463173124525,6.297853537400564
131,2.4371644205517238,4.35143637392256,2.4114467846022714,4.123976823356417,6.424505005942451,6.282764131493039
132,2.4440690173043147,4.089120456907485,2.4083242803812026,4.07233029935095,6.365984869003296,6.270300975110795
133,2.434944224357605,4.001587125990126,2.4127432501978343,4.078672240840064,6.381137662463718,6.283755475944943
134,2.4381262315644157,4.004456800884671,2.410856655240059,4.118140192164315,6.36781170103285,6.290880584716797
135,2.4447477923499212,4.019225849045648,2.40999259783162,4.102016702625487,6.347561746173435,6.268086842695872
136,2.4372315790918138,4.006353274981181,2.411820019947158,4.100245012839635,6.347947210735745,6.274723699357774
137,2.442066948943668,4.011049241489834,2.4126260502470864,4.125569584634569,6.346058336893718,6.253054927455055
138,2.433260961373647,4.01896223227183,2.4084775709443624,4.111677871810065,6.354873132705689,6.285550354586707
139,2.432653425799476,4.683504811922709,2.4147178090280956,4.08295325173272,6.355762264463636,6.265880094634162
140,2.438887499438392,4.621088025305006,2.4116263488928475,4.205826102362739,6.3652701059977215,6.279069899188148
141,2.4403119603792827,3.999563444985284,2.4116195095909965,4.078616454203924,6.342853471967909,6.290061628818512
142,2.4362948060035707,4.0103188090854225,2.4132050805621676,4.100535302029716,6.334090015623304,6.272316253185272
143,2.4434317880206637,4.050033749474419,2.4120323409636817,4.04652028216256,6.4507529841529,6.277440181043413
144,2.4510534551408556,4.337878923945957,2.412251702282164,4.150253367424011,6.3352330207824705,6.2851073980331424
145,2.4323259539074367,4.16432003710005,2.412253976861636,4.064637262291378,6.369206232494778,6.286225556664997
146,2.446180319786072,4.1140629529953,2.415066474344995,4.153652363353306,6.393887832429674,6.269870860046811
147,2.4317654993798996,3.984558924039205,2.4133554481797748,4.053260752227572,6.3643037531110975,6.2988654123412235
148,2.4456950293646917,4.719213072458903,2.4102182255850897,4.1012685709529455,6.370005475150214,6.2616397864288755
149,2.4478161282009547,4.00538596842024,2.413321162594689,4.131801730394363,6.335401307211982,6.287346520688799
150,2.4365513311492073,4.260333461231656,2.406313124961323,4.046605303552416,6.345493268966675,6.2693404912948605
151,2.4513101326094735,4.033186970816718,2.409737480017874,4.079503503110674,6.396964316897922,6.254763511154387
152,2.439976391527388,3.990032238430447,2.4055890778700513,4.024986375040478,6.3291031731499565,6.272773045963711
153,2.4353292915556164,4.22100469801161,2.403824081685808,4.0355351401699915,6.3444091320037845,6.267328829235501
154,2.435801468955146,4.1649767266379465,2.408791658944554,4.052891412708495,6.459121380911933,6.278056274520027
155,2.43157241874271,4.041513612535264,2.4087067080868616,4.067256700992584,6.36880997021993,6.266301389535268
156,2.4386780977249147,4.031068280008104,2.407657383547889,4.059828064839045,6.343168094423082,6.266831330458323
157,2.4345514761077034,3.9791217539045545,2.4039704713556502,4.06291084686915,6.33253665500217,6.258286525143517
158,2.4433133509424,3.9754703601201373,2.4054201198948753,4.052449493275748,6.3388725121816,6.2592177735434635
159,2.433465478155348,4.026623060968187,2.4106551071008044,4.012152822150124,6.339125246471829,6.249927858511607
160,2.4353062285317315,3.9704314549763997,2.4098541862434812,4.036642754077912,6.335132577684191,6.2518381562497884
161,2.434838158554501,4.044016027450562,2.408604421549373,4.066938836707009,6.34912207921346,6.262338346905178
162,2.431888895564609,3.984637008772956,2.4056029193931154,4.010514016946157,6.3474552472432455,6.250834757751889
163,2.4352448026339215,4.216753583484226,2.407277008228832,4.04754880004459,6.329430966907077,6.252588617801666
164,2.443192489941915,4.799826947848002,2.4103022075361675,4.091006143225564,6.355230061213176,6.25546063847012
165,2.4405962255265976,4.187127505408393,2.4066609303156534,4.040067735645506,6.328756973478529,6.247682723734114
166,2.4358858346939085,4.174952358669705,2.4060575819677776,4.070280514160792,6.377509281370375,6.254683272043864
167,2.4451303826438058,4.107714716593424,2.40755495429039,4.045820002423392,6.3485430346594915,6.23082006043858
168,2.4353438244925605,4.06973250442081,2.4071233527527913,4.041807887951533,6.355316437615288,6.2547693040635854
169,2.433856525686052,4.0166598955790205,2.4064250300327936,4.0400301814079285,6.354895215564304,6.243159491486019
170,2.4324349403381347,4.097435832023621,2.4061702917019527,4.016723537445069,6.360265037748548,6.248873077498542
171,2.441526985168457,4.080935011969673,2.406075568993886,4.044785392946667,6.398058356179131,6.239448594384723
172,2.436345749431186,3.9710470120112102,2.409950969947709,4.014375725719664,6.330668459998237,6.238265079922146
173,2.4373304115401373,4.030782908863491,2.408617013030582,4.028223716550404,6.32442634900411,6.249151885509491
174,2.4320172164175244,4.066093757417467,2.4082700749238333,4.059364771842956,6.46271030637953,6.2516504247983296
175,2.433550547228919,3.9768214331732854,2.4067426800727842,4.05706614057223,6.373345051871405,6.281086545520359
176,2.436783829000261,4.023935993512471,2.408264516128434,4.054605184661018,6.330489937464396,6.247970139980316
177,2.428355875280168,4.1293094476064045,2.406601314412223,4.046021405193541,6.332133012347751,6.248761741320292
178,2.4319746004210576,3.9705028533935547,2.4076010945770476,4.047501111692853,6.4674963315327965,6.24100583129459
179,2.431646728515625,3.956441076596578,2.4094842543204624,4.044257358047697,6.338328795962863,6.266709715790219
180,2.4431126011742488,4.0257123152414955,2.40104575322734,4.047851487663057,6.375987042321099,6.259400794241164
181,2.438073570198483,3.966902152697245,2.407962980204158,4.060512713591257,6.329847976896498,6.245093527105119
182,2.4378537880049813,3.9565066364076404,2.406671229998271,4.030684976445304,6.361868302027385,6.242144477367401
183,2.4318680471844143,4.256151503986782,2.4082280112637413,4.006290766265657,6.332881932788425,6.24851461980078
184,2.43541778061125,4.311465824974908,2.4065433280335533,4.067863814698326,6.348015048768786,6.26948629617691
185,2.444080913066864,4.212052981058757,2.4043943246205646,4.018228318956163,6.326219685872396,6.24822419087092
186,2.4308702601326835,4.0237704356511435,2.403678069843186,4.054546094603008,6.377966976165771,6.264473418394725
187,2.4365397890408835,3.95093752278222,2.4073629011710485,4.036205008294847,6.330456823772854,6.273875731892056
188,2.4323094222280712,3.9700001107321845,2.4044090777635576,4.0387829230891334,6.338672473695543,6.251152620050642
189,2.4383519477314417,4.016258385446337,2.4042346037096447,4.031175206104915,6.34377801683214,6.239637547069126
190,2.4470409671465556,3.9969710297054712,2.4067755149470433,4.113698169257906,6.4081497404310435,6.248206293582916
191,2.429827720589108,3.9518406629562377,2.408807199199994,4.006784478823344,6.3286670843760175,6.2404276794857445
192,2.437070359124078,3.9542248407999674,2.4065603060854808,4.051587682962418,6.333898692660862,6.250608395205604
193,2.4292173398865593,4.021305367681715,2.405000260141161,4.012113452619976,6.347407754262289,6.247591474321154
194,2.442386543750763,4.070980813768175,2.401709841357337,4.050985133647918,6.655922810236613,6.25363066593806
195,2.4311595532629227,3.9693893988927207,2.4058890289730495,4.03357894288169,6.362911399205526,6.25331099960539
196,2.428708240720961,3.9495306809743247,2.406426658233007,4.011643340852525,6.35382112397088,6.2429930501514015
197,2.4511593567000496,4.092829590373569,2.404851321379344,4.002761563327577,6.384892076916165,6.2428196244769625
198,2.4286796410878497,4.842254598935445,2.4061493701404997,4.01587483882904,6.329547876781888,6.24132240679529
199,2.4379911674393546,3.998783424165514,2.406341698103481,4.011198616027832,6.34672949579027,6.257370094458262
200,2.4367355638080173,3.988333421283298,2.4019852542214926,3.9986022962464225,6.343803681267632,6.264074736171299
201,2.433423684702979,4.073503324720595,2.402441774805387,4.0081890616152025,6.3433680746290415,6.243974673748016
202,2.4356074955728317,3.9465237749947444,2.401246903671159,4.014657150374519,6.345977391137017,6.250827487309774
203,2.4292116191652084,3.9381981054941813,2.401680357257525,3.975442890988456,6.352302916844686,6.229166764683193
204,2.429814706908332,3.957759231991238,2.4015184038215214,3.9758122550116646,6.390067587958442,6.229627411895328
205,2.4315975189208983,3.996581024593777,2.401085571448008,3.9658487704065113,6.324819586012098,6.222409364912245
206,2.4314903762605455,3.959305519527859,2.4012929439544677,3.983167393340005,6.360714949501885,6.228819088141123
207,2.430206102795071,3.966571566793654,2.403262412879202,3.9805616365538703,6.333951648076376,6.237051759825812
208,2.443512511253357,4.071596542994182,2.4025551395283804,3.9817271636592015,6.374991618262397,6.2288972934087115
209,2.4315089596642387,4.005259230401781,2.401829896701707,4.007239788108402,6.344525665707058,6.231564287344614
210,2.4291213618384466,4.087194119559394,2.4044685297542148,3.9937687310907575,6.339595264858669,6.229136786195967
211,2.4342817995283337,3.9348543935351903,2.403600742750698,3.979802068074544,6.325899818208483,6.232329372564951
212,2.4346390114890206,4.099454334047105,2.402343174815178,3.992720905277464,6.322910759184095,6.227251854207781
213,2.4315801554256016,3.9405058145523073,2.404998646510972,3.9921811719735465,6.3433971193101675,6.224083067311181
214,2.4311777883105807,4.347407990031773,2.40328941543897,3.980674291981591,6.411809534496731,6.238013087378608
215,2.4288702103826734,4.086893285645379,2.4021335724327297,3.9944417854150136,6.325948577457004,6.2257211738162574
216,2.4346670561366612,4.039703226089477,2.4012928873300554,3.981444709830814,6.397514507505629,6.233099197016822
217,2.4313214712672764,3.9327629937065973,2.4040123909711837,3.97911008199056,6.338459761937459,6.230779404110379
218,2.436388083299001,4.194049509366353,2.399679340918859,3.9638932903607684,6.454095114601983,6.2324778609805636
219,2.4341170946757,4.015191653039721,2.4043106191688115,3.9919118702411653,6.466322268380059,6.238026065296597
220,2.429588978820377,4.341787362098694,2.4021388669808705,3.9948544674449495,6.338023747338189,6.229474190870921
221,2.4361403995090063,4.142126607894897,2.400770616862509,4.00634948876169,6.329230043623182,6.23228568898307
222,2.434843489858839,3.9859766774707373,2.4032629754808212,3.977640331453747,6.322999419106377,6.226076851950752
223,2.4343257652388677,3.9324237134721542,2.4016055802504224,3.99653568400277,6.322520950105456,6.234460608164469
224,2.434936969810062,3.933766833941142,2.403193602628178,4.0185426844490895,6.374119896358914,6.235879672898187
225,2.4303259558147854,3.923828789922926,2.402339843577809,3.9762239489290447,6.34668181207445,6.233553853299883
226,2.431289435757531,3.9260005897945827,2.4028398248884413,3.9732261684205796,6.337370538711548,6.239411997132831
227,2.4309970087475246,3.9649528715345594,2.401994120412403,4.010284923182594,6.346299664179484,6.2251439068052505
228,2.4351954989963107,3.9248197661505806,2.403288866745101,3.988673245244556,6.340244240230984,6.2354344295130835
229,2.442581752936045,3.945663830969069,2.4029391560289595,3.9786721381876204,6.345643462075127,6.225415850347943
230,2.448164575629764,3.920114194022285,2.40122697783841,3.9813693854543897,6.360125128428141,6.225888551606072
231,2.4577640533447265,3.996388872464498,2.40235605902142,3.977205209599601,6.335416682561239,6.225892368952433
232,2.4297669026586743,4.125267020861307,2.399895879295137,4.02008777194553,6.334982866711087,6.235325071546766
233,2.4367032872305976,3.928936497370402,2.4035684711403316,4.0104932301574285,6.321652783287896,6.226386369599236
234,2.4311914218796624,4.211094400617811,2.401945681704415,3.9967131932576496,6.336775308185153,6.243412923812866
235,2.4300326228141786,3.918878690401713,2.4023121111922796,4.009119992785983,6.360128895441691,6.244325799412198
236,2.4328299270735845,3.918000496758355,2.4010306331846447,3.970134210586548,6.327128754721747,6.227051121658749
237,2.4370856510268317,4.023980659908719,2.400267818901274,3.9865542709827424,6.345542203055488,6.240385675430298
238,2.452419718106588,3.9690336253907947,2.4030194222927093,4.00515127380689,6.329377269744873,6.2328856004609
239,2.4290503210491603,4.030046118630303,2.4014879044559265,3.9849802990754446,6.319627126057942,6.239828757445017
240,2.4300227297676935,4.20073177019755,2.402567630343967,3.994384009970559,6.375749492645264,6.22933189868927
241,2.431050639682346,3.959907314512465,2.401328664355808,3.972238501575258,6.324623118506538,6.228758763604694
242,2.4339979264471268,3.9636369546254477,2.40131253335211,3.96900409327613,6.327037217881944,6.2369585103458824
243,2.4316004117329917,3.9327797094980874,2.402351548605495,3.979795300298267,6.337166659037272,6.225032199753655
244,2.4298752744992576,3.9380394405788843,2.404812337954839,3.9675148003631167,6.41589634153578,6.22593289481269
245,2.431138735347324,3.9204143391715154,2.4007138709227243,3.9589575628439584,6.351067850324843,6.249152202076382
246,2.4319697035683525,3.9744501643710666,2.404587905605634,3.9554854777124193,6.387069087558323,6.244616068734063
247,2.4338942925135294,4.141418208016289,2.4018187635474737,3.9712672611077626,6.3550107214185925,6.2312021904521515
248,2.4314420448409186,3.918827576107449,2.4016844593816336,3.99843453168869,6.318450456195407,6.22914570040173
249,2.440131510628594,4.022801160812378,2.3999708516730203,4.023592966132694,6.325664864646064,6.232801099618276
250,2.4332966910468206,3.9282538149091932,2.3995297653807532,3.949135296874576,6.322629785537719,6.225769901275635
251,2.4341326144006517,3.9136664496527778,2.4026820911301505,3.9374329017268286,6.360075341330634,6.2149112542470295
252,2.4367637713750203,3.947229523128933,2.397422182559967,3.9527674701478746,6.383274163140191,6.221828197108374
253,2.4297839376661514,4.099579262733459,2.4011253890064026,3.977590724494722,6.353904178407457,6.226999542448255
254,2.4328385127915277,3.918700687090556,2.400048040681415,3.976938968234592,6.351032564375136,6.226025805208418
255,2.4526417321628995,3.9584248807695177,2.398834584487809,3.9539417266845702,6.326842260360718,6.222533935970731
256,2.4305728422270882,4.02611686123742,2.40190182990498,3.989807801114188,6.3464499314626055,6.223941389719645
257,2.435608829392327,3.918663763999939,2.4014058397875893,3.9425192958778803,6.339997270372179,6.215667547119988
258,2.4291534476810033,3.911852380964491,2.4010885215467876,3.953062419096629,6.319866996341282,6.221626963880327
259,2.435697623093923,3.9191326326794096,2.399032958017455,3.951712904373805,6.321692599190606,6.225842278533512
260,2.4324161688486736,4.016189206971062,2.4010366598765054,3.9593117071522608,6.322274377610948,6.219519416491191
261,2.4300664332177906,3.9361865414513484,2.403392316566573,3.9626575887203215,6.322924513287014,6.223875452412499
262,2.4301223463482327,3.9393338017993504,2.4009256760279336,3.9301064762804243,6.334481477737427,6.216376596026951
263,2.4310229380925494,3.9127682314978705,2.4005597823195988,3.9719796213838787,6.327395714653862,6.2147080858548485
264,2.4319134407573277,4.021492934226989,2.3999575618240567,3.926403801971012,6.387292846043905,6.217440342903137
265,2.4292563915252687,3.917465024524265,2.3994637764162485,3.9414527621534137,6.339151933458116,6.222638499736786
266,2.431469684176975,3.990091323852539,2.3980818506744175,3.9726597567399344,6.332514492670695,6.216607307063208
267,2.431552600860596,4.134052573310004,2.4011209034257464,3.9483937422434487,6.350885200500488,6.222639928923713
268,2.435051153765784,3.9132652441660563,2.396801148520576,3.948382731278737,6.32130675845676,6.217404058244493
269,2.4336014376746284,3.9136433601379395,2.399661616484324,3.9371214422914718,6.435212225384182,6.221044976181454
270,2.4377135912577312,4.09633092880249,2.402201007141007,3.9320086969269648,6.3489632182651095,6.219168248441484
271,2.4324901156955296,3.9470608684751722,2.3996031926737893,3.9265382832951015,6.348356495963203,6.222472794850668
272,2.4331468251016406,3.9076352675755817,2.3992103573348786,3.937727751996782,6.378498469458686,6.222883061567942
273,2.4306186808480157,3.9694679260253904,2.399170803030332,3.9251625067657896,6.328049967024062,6.219360633691152
274,2.4301160256067913,4.177713661723667,2.4007182154390545,3.945996234152052,6.322510533862644,6.210893498526679
275,2.434194419119093,3.983952063984341,2.401217536131541,3.9352379845248326,6.323658317989773,6.220926308631897
276,2.435816264152527,3.9388829469680786,2.401942414045334,3.937291293674045,6.353224976857503,6.224327003955841
277,2.4287521203358966,4.189457570181952,2.3992761969566345,3.9258256912231446,6.322596036063301,6.232845320966509
278,2.4464539964993794,3.907441282272339,2.397186200817426,3.9591291507085162,6.31960130267673,6.218137851026323
279,2.433712614907159,3.9093632645077174,2.4010094467136596,3.9470404624938964,6.333886220720079,6.216099174817403
280,2.4314103457662792,3.906766594780816,2.3998912480142383,3.937349948618147,6.331125545501709,6.217484243710836
281,2.429701957437727,4.092655536863539,2.3995395415359075,3.941741850641039,6.341274939643013,6.222076250447167
282,2.4299372209442986,3.971178979343838,2.3984771930509146,3.9419620811939238,6.332808913124932,6.229331309265561
283,2.430623730023702,3.9437746736738415,2.399593251943588,3.925001780854331,6.336211755540636,6.212126196755303
284,2.433449453777737,4.008503572146098,2.4013041545947393,3.935765649212731,6.349754561318291,6.222058143218359
285,2.434568148189121,3.914695310592651,2.3996090210146375,3.966531354188919,6.3234127839406336,6.2151715728971695
286,2.4302837279107834,3.9571486764483983,2.3988218694925307,3.9296602103445264,6.322691324022081,6.2221219784683655
287,2.4364342676268684,3.920034800635444,2.399711675445239,3.938594873746236,6.334768152236938,6.2257429480552675
288,2.4447349177466497,3.9110702488157485,2.398574006226328,3.9199071367581686,6.324597099092272,6.2270033028390674
289,2.429061252541012,3.9349350266986423,2.3993129975265926,3.9692345327801175,6.331943543752034,6.217867679066128
290,2.436985369523366,3.899713635444641,2.3987654368082683,3.9363273951742386,6.3424925274319115,6.218816080358294
291,2.4307423816786873,3.912004205915663,2.3994884848594666,3.9512428681055707,6.328814183341132,6.2245665656195746
292,2.434974314106835,4.1000277863608465,2.397407426767879,3.9259012666013504,6.3386546664767796,6.215738382604387
293,2.4341145435969036,4.028586504194472,2.399930504626698,3.954802804523044,6.334329059388902,6.216009428766038
294,2.4338925970925227,4.018910177548727,2.39983187980122,3.947041321463055,6.319277577930027,6.206895155376858
295,2.4353857623206245,3.9614133066601225,2.4012103461556964,3.9183812108304767,6.331470372941759,6.215958995289273
296,2.429749274253845,4.089834499359131,2.396593360768424,3.96411769522561,6.319066498014662,6.216654275523291
297,2.4327195538414847,4.08051844437917,2.3969312641355724,3.955410961310069,6.324289417266845,6.218703161345588
298,2.4340467797385323,3.8947598828209773,2.4010150088204276,3.9445896340741053,6.3210024939643015,6.226019350687663
299,2.4307527038786145,3.904875079790751,2.3975800222820705,3.934349708424674,6.322325229644775,6.220890626642439
